system,classifier config id,classifier config label,start time,end time,system operative,reason for non operative,Alnus,Alnus normalized count,Betula,Betula normalized count,Carpinus,Carpinus normalized count,Corylus,Corylus normalized count,Cupressus,Cupressus normalized count,Fagus,Fagus normalized count,Fraxinus,Fraxinus normalized count,Pinaceae,Pinaceae normalized count,Platanus,Platanus normalized count,Poaceae,Poaceae normalized count,Populus,Populus normalized count,Quercus,Quercus normalized count,Water,Water normalized count,Taxus,Taxus normalized count,Ulmus,Ulmus normalized count,---,--- normalized count
poleno-33,babd171c-3dd6-4d11-9a78-8f63cff25c73,2025Q2_Gamma,09.07.25 06:30:00 UTC,09.07.25 07:30:00 UTC,Yes,,0,0,1.25,3,0,0,0,0,0,0,0,0,0,0,0.8333333333333334,2,0,0,0,0,0,0,0.4166666666666667,1,0.8333333333333334,2,0.8333333333333334,2,0,0,89.16666666666667,214
poleno-33,babd171c-3dd6-4d11-9a78-8f63cff25c73,2025Q2_Gamma,09.07.25 07:30:00 UTC,09.07.25 08:30:00 UTC,Yes,,0,0,0,0,0,0,0,0,0,0,0,0,0,0,6.666666666666667,16,0,0,0.8333333333333334,2,0,0,0.4166666666666667,1,11.666666666666668,28,0.4166666666666667,1,0,0,275.4166666666667,661
poleno-33,babd171c-3dd6-4d11-9a78-8f63cff25c73,2025Q2_Gamma,09.07.25 08:30:00 UTC,09.07.25 09:30:00 UTC,Yes,,0,0,0,0,0,0,0,0,0,0,0,0,0,0,0,0,0,0,0.8333333333333334,2,0,0,0,0,1.25,3,0,0,0,0,57.5,138
poleno-33,babd171c-3dd6-4d11-9a78-8f63cff25c73,2025Q2_Gamma,09.07.25 09:30:00 UTC,09.07.25 10:30:00 UTC,Yes,,0,0,0,0,0,0,0,0,0,0,0,0,0,0,0,0,0,0,0,0,0,0,1.25,3,0.8333333333333334,2,0,0,0,0,47.5,114
poleno-33,babd171c-3dd6-4d11-9a78-8f63cff25c73,2025Q2_Gamma,09.07.25 10:30:00 UTC,09.07.25 11:30:00 UTC,Yes,,0,0,0,0,0,0,0,0,0,0,0,0,0,0,0,0,0,0,0,0,0.4166666666666667,1,0.4166666666666667,1,1.25,3,0,0,0,0,40,96
poleno-33,babd171c-3dd6-4d11-9a78-8f63cff25c73,2025Q2_Gamma,09.07.25 11:30:00 UTC,09.07.25 12:30:00 UTC,Yes,,0,0,0,0,0,0,0,0,0,0,0,0,0,0,0.4166666666666667,1,0,0,0,0,0,0,0,0,0.4166666666666667,1,0,0,0,0,47.083333333333336,113
poleno-33,babd171c-3dd6-4d11-9a78-8f63cff25c73,2025Q2_Gamma,09.07.25 12:30:00 UTC,09.07.25 13:30:00 UTC,Yes,,0,0,0.4166666666666667,1,0,0,0,0,0.4166666666666667,1,0,0,0,0,0.4166666666666667,1,0,0,0,0,0,0,0.4166666666666667,1,1.6666666666666667,4,0,0,0,0,220,528
poleno-33,babd171c-3dd6-4d11-9a78-8f63cff25c73,2025Q2_Gamma,09.07.25 13:30:00 UTC,09.07.25 14:30:00 UTC,Yes,,0,0,0,0,0,0,0,0,0,0,0,0,0,0,0,0,0,0,0,0,1.25,3,0,0,5.833333333333334,14,0.8333333333333334,2,0,0,1149.1027875,2757.84669
poleno-33,babd171c-3dd6-4d11-9a78-8f63cff25c73,2025Q2_Gamma,09.07.25 14:30:00 UTC,09.07.25 15:30:00 UTC,Yes,,0,0,0,0,0,0,0,0,1.6666666666666667,4,0,0,0,0,0,0,0,0,0.4166666666666667,1,0,0,0,0,10.416666666666668,25,0,0,0,0,552.5,1326
poleno-33,babd171c-3dd6-4d11-9a78-8f63cff25c73,2025Q2_Gamma,09.07.25 15:30:00 UTC,09.07.25 16:30:00 UTC,Yes,,0,0,0,0,0,0,0,0,0,0,0,0,0.4166666666666667,1,0,0,0,0,0.8333333333333334,2,0,0,0,0,5,12,0,0,0,0,1158.8859625,2781.32631
poleno-33,babd171c-3dd6-4d11-9a78-8f63cff25c73,2025Q2_Gamma,09.07.25 16:30:00 UTC,09.07.25 17:30:00 UTC,Yes,,0,0,0,0,0,0,0,0,0,0,0,0,0,0,0,0,0,0,0.4166666666666667,1,0,0,0,0,3.3416333333333332,8.019919999999999,0,0,0,0,2644.867983333333,6347.68316
poleno-33,babd171c-3dd6-4d11-9a78-8f63cff25c73,2025Q2_Gamma,09.07.25 17:30:00 UTC,09.07.25 18:30:00 UTC,Yes,,0,0,0,0,0,0,0,0,0.8333333333333334,2,0,0,0,0,0.4166666666666667,1,0,0,1.6666666666666667,4,0,0,0,0,13.75,33,0,0,0,0,1547.3408875,3713.61813
poleno-33,babd171c-3dd6-4d11-9a78-8f63cff25c73,2025Q2_Gamma,09.07.25 18:30:00 UTC,09.07.25 19:30:00 UTC,Yes,,0,0,0,0,0,0,0,0,0,0,0,0,0,0,1.6666666666666667,4,0,0,0.8333333333333334,2,0,0,0.4166666666666667,1,0.4166666666666667,1,0,0,0,0,120.83333333333334,290
poleno-33,babd171c-3dd6-4d11-9a78-8f63cff25c73,2025Q2_Gamma,09.07.25 19:30:00 UTC,09.07.25 20:30:00 UTC,Yes,,0,0,0,0,0,0,0,0,0.4166666666666667,1,0,0,0,0,1.25,3,0,0,0.4166666666666667,1,0,0,0,0,2.0833333333333335,5,0.4166666666666667,1,0,0,140.83333333333334,338
poleno-33,babd171c-3dd6-4d11-9a78-8f63cff25c73,2025Q2_Gamma,09.07.25 20:30:00 UTC,09.07.25 21:30:00 UTC,Yes,,0,0,0,0,0,0,0,0,0,0,0,0,0,0,0,0,0,0,0,0,0.4166666666666667,1,0.8333333333333334,2,0,0,0,0,0,0,129.16666666666669,310
poleno-33,babd171c-3dd6-4d11-9a78-8f63cff25c73,2025Q2_Gamma,09.07.25 21:30:00 UTC,09.07.25 22:30:00 UTC,Yes,,0,0,0.4166666666666667,1,0,0,0,0,0.4166666666666667,1,0,0,0,0,0,0,0,0,0,0,0,0,0,0,0,0,0.4166666666666667,1,0,0,79.58333333333334,191
poleno-33,babd171c-3dd6-4d11-9a78-8f63cff25c73,2025Q2_Gamma,09.07.25 22:30:00 UTC,09.07.25 23:30:00 UTC,Yes,,0,0,0,0,0,0,0,0,0,0,0,0,0,0,0,0,0,0,0.4166666666666667,1,0,0,0,0,0.4166666666666667,1,0,0,0,0,76.66666666666667,184
poleno-33,babd171c-3dd6-4d11-9a78-8f63cff25c73,2025Q2_Gamma,09.07.25 23:30:00 UTC,10.07.25 00:30:00 UTC,Yes,,0,0,0,0,0,0,0,0,0,0,0,0,0,0,0,0,0,0,0,0,0,0,0.4166666666666667,1,0,0,0,0,0,0,54.583333333333336,131
poleno-33,babd171c-3dd6-4d11-9a78-8f63cff25c73,2025Q2_Gamma,10.07.25 00:30:00 UTC,10.07.25 01:30:00 UTC,Yes,,0,0,0,0,0,0,0,0,0,0,0,0,0,0,0.4166666666666667,1,0,0,0,0,0,0,0,0,0.4166666666666667,1,0.4166666666666667,1,0,0,50.41666666666667,121
poleno-33,babd171c-3dd6-4d11-9a78-8f63cff25c73,2025Q2_Gamma,10.07.25 01:30:00 UTC,10.07.25 02:30:00 UTC,Yes,,0,0,0,0,0,0,0,0,0.4166666666666667,1,0,0,0,0,0,0,0,0,0,0,0,0,0.4166666666666667,1,0,0,0,0,0,0,83.33333333333334,200
poleno-33,babd171c-3dd6-4d11-9a78-8f63cff25c73,2025Q2_Gamma,10.07.25 02:30:00 UTC,10.07.25 03:30:00 UTC,Yes,,0,0,0,0,0,0,0,0,0,0,0,0,0,0,0,0,0,0,0,0,0,0,0.4166666666666667,1,0,0,0,0,0,0,62.083333333333336,149
poleno-33,babd171c-3dd6-4d11-9a78-8f63cff25c73,2025Q2_Gamma,10.07.25 03:30:00 UTC,10.07.25 04:30:00 UTC,Yes,,0,0,0,0,0,0,0,0,0,0,0,0,0,0,0,0,0,0,0.4166666666666667,1,0,0,0,0,0,0,0,0,0,0,44.16666666666667,106
poleno-33,babd171c-3dd6-4d11-9a78-8f63cff25c73,2025Q2_Gamma,10.07.25 04:30:00 UTC,10.07.25 05:30:00 UTC,Yes,,0,0,0.4166666666666667,1,0,0,0,0,0,0,0,0,0,0,0,0,0.4166666666666667,1,0.4166666666666667,1,0,0,0,0,0,0,0,0,0,0,52.5,126
poleno-33,babd171c-3dd6-4d11-9a78-8f63cff25c73,2025Q2_Gamma,10.07.25 05:30:00 UTC,10.07.25 06:30:00 UTC,Yes,,0,0,0,0,0,0,0,0,0,0,0,0,0,0,0,0,0,0,0,0,0,0,0,0,0,0,0,0,0,0,40.833333333333336,98
poleno-33,babd171c-3dd6-4d11-9a78-8f63cff25c73,2025Q2_Gamma,10.07.25 06:30:00 UTC,10.07.25 07:30:00 UTC,Yes,,0,0,0,0,0,0,0,0,0,0,0,0,0,0,0,0,0,0,4.583333333333334,11,0,0,0,0,0,0,0,0,0,0,29.583333333333336,71
poleno-33,babd171c-3dd6-4d11-9a78-8f63cff25c73,2025Q2_Gamma,10.07.25 07:30:00 UTC,10.07.25 08:30:00 UTC,Yes,,0,0,0,0,0,0,0,0,0.4166666666666667,1,0,0,0,0,0,0,0,0,0,0,0,0,0,0,0,0,0,0,0,0,24.583333333333336,59
poleno-33,babd171c-3dd6-4d11-9a78-8f63cff25c73,2025Q2_Gamma,10.07.25 08:30:00 UTC,10.07.25 09:30:00 UTC,Yes,,0,0,0,0,0,0,0,0,0,0,0,0,0,0,0,0,0,0,0,0,0,0,0,0,0,0,0,0,0,0,35.833333333333336,86
poleno-33,babd171c-3dd6-4d11-9a78-8f63cff25c73,2025Q2_Gamma,10.07.25 09:30:00 UTC,10.07.25 10:30:00 UTC,Yes,,0,0,0,0,0,0,0,0,0,0,0,0,0,0,0,0,0,0,0,0,0,0,0,0,0,0,0.4166666666666667,1,0,0,44.16666666666667,106
poleno-33,babd171c-3dd6-4d11-9a78-8f63cff25c73,2025Q2_Gamma,10.07.25 10:30:00 UTC,10.07.25 11:30:00 UTC,Yes,,0,0,0,0,0,0,0,0,0,0,0,0,0,0,0,0,0,0,0.4166666666666667,1,0,0,0,0,0,0,0.4166666666666667,1,0,0,49.583333333333336,119
poleno-33,babd171c-3dd6-4d11-9a78-8f63cff25c73,2025Q2_Gamma,10.07.25 11:30:00 UTC,10.07.25 12:30:00 UTC,Yes,,0,0,0,0,0,0,0,0,0,0,0,0,0,0,0,0,0,0,0,0,0,0,0,0,0,0,0,0,0,0,27.916666666666668,67
poleno-33,babd171c-3dd6-4d11-9a78-8f63cff25c73,2025Q2_Gamma,10.07.25 12:30:00 UTC,10.07.25 13:30:00 UTC,Yes,,0,0,0.4166666666666667,1,0,0,0,0,0.4166666666666667,1,0,0,0,0,0,0,0,0,0.8333333333333334,2,0,0,0,0,0,0,0,0,0,0,139.58333333333334,335
poleno-33,babd171c-3dd6-4d11-9a78-8f63cff25c73,2025Q2_Gamma,10.07.25 13:30:00 UTC,10.07.25 14:30:00 UTC,Yes,,0,0,0.4166666666666667,1,0,0,0,0,1.25,3,0,0,0.4166666666666667,1,0,0,0,0,0,0,0,0,0,0,5,12,1.25,3,0,0,655,1572
poleno-33,babd171c-3dd6-4d11-9a78-8f63cff25c73,2025Q2_Gamma,10.07.25 14:30:00 UTC,10.07.25 15:30:00 UTC,Yes,,0,0,0,0,0,0,0,0,0.8333333333333334,2,0,0,0.4166666666666667,1,0,0,0.4166666666666667,1,1.6666666666666667,4,0.8333333333333334,2,0.8333333333333334,2,0,0,1.25,3,0,0,911.5933541666668,2187.82405
poleno-33,babd171c-3dd6-4d11-9a78-8f63cff25c73,2025Q2_Gamma,10.07.25 15:30:00 UTC,10.07.25 16:30:00 UTC,Yes,,0,0,0.4166666666666667,1,0,0,0,0,0.8333333333333334,2,0,0,0,0,0,0,0,0,1.25,3,0.4166666666666667,1,1.25,3,3.4395416666666665,8.2549,0,0,0.4166666666666667,1,2899.0713958333336,6957.77135
poleno-33,babd171c-3dd6-4d11-9a78-8f63cff25c73,2025Q2_Gamma,10.07.25 16:30:00 UTC,10.07.25 17:30:00 UTC,Yes,,0.4166666666666667,1,0.4166666666666667,1,0,0,0.4166666666666667,1,0.4678375000000001,1.12281,0,0,0,0,0,0,0,0,1.6666666666666667,4,0,0,1.3587833333333332,3.2610799999999998,4.583333333333334,11,1.25,3,0.4166666666666667,1,4224.639375000001,10139.1345
poleno-33,babd171c-3dd6-4d11-9a78-8f63cff25c73,2025Q2_Gamma,10.07.25 17:30:00 UTC,10.07.25 18:30:00 UTC,Yes,,0,0,0,0,0,0,0,0,0.4166666666666667,1,0,0,0,0,0,0,0,0,1.6666666666666667,4,0.4166666666666667,1,0.8333333333333334,2,9.615575,23.077379999999998,0,0,0,0,4780.838329166667,11474.01199
poleno-33,babd171c-3dd6-4d11-9a78-8f63cff25c73,2025Q2_Gamma,10.07.25 18:30:00 UTC,10.07.25 19:30:00 UTC,Yes,,0,0,0,0,0,0,0,0,0,0,0,0,0,0,0,0,0,0,0.4166666666666667,1,0.4166666666666667,1,0.4166666666666667,1,46.716120833333335,112.11869,0.4166666666666667,1,0,0,5016.829304166667,12040.39033
poleno-33,babd171c-3dd6-4d11-9a78-8f63cff25c73,2025Q2_Gamma,10.07.25 19:30:00 UTC,10.07.25 20:30:00 UTC,Yes,,0,0,0,0,0,0,0,0,0.4166666666666667,1,0,0,0,0,0,0,0,0,0.4166666666666667,1,0.4166666666666667,1,0.4166666666666667,1,0,0,0,0,0,0,87.08333333333334,209
poleno-33,babd171c-3dd6-4d11-9a78-8f63cff25c73,2025Q2_Gamma,10.07.25 20:30:00 UTC,10.07.25 21:30:00 UTC,Yes,,0,0,0,0,0,0,0,0,0,0,0,0,0,0,0,0,0,0,0,0,0.4166666666666667,1,0,0,0,0,0,0,0,0,37.5,90
poleno-33,babd171c-3dd6-4d11-9a78-8f63cff25c73,2025Q2_Gamma,10.07.25 21:30:00 UTC,10.07.25 22:30:00 UTC,Yes,,0,0,0,0,0,0,0,0,0,0,0,0,0,0,0,0,0,0,0,0,0,0,0,0,0,0,0.4166666666666667,1,0,0,27.5,66
poleno-33,babd171c-3dd6-4d11-9a78-8f63cff25c73,2025Q2_Gamma,10.07.25 22:30:00 UTC,10.07.25 23:30:00 UTC,Yes,,0,0,0,0,0,0,0,0,0,0,0,0,0,0,0,0,0,0,0,0,0,0,0,0,0,0,0,0,0,0,25.416666666666668,61
poleno-33,babd171c-3dd6-4d11-9a78-8f63cff25c73,2025Q2_Gamma,10.07.25 23:30:00 UTC,11.07.25 00:30:00 UTC,Yes,,0,0,0,0,0,0,0,0,0,0,0,0,0,0,0,0,0,0,0,0,0,0,0,0,0,0,0,0,0,0,25,60
poleno-33,babd171c-3dd6-4d11-9a78-8f63cff25c73,2025Q2_Gamma,11.07.25 00:30:00 UTC,11.07.25 01:30:00 UTC,Yes,,0,0,0,0,0,0,0,0,0,0,0,0,0,0,0,0,0,0,0,0,0,0,0,0,0,0,0,0,0,0,30.833333333333336,74
poleno-33,babd171c-3dd6-4d11-9a78-8f63cff25c73,2025Q2_Gamma,11.07.25 01:30:00 UTC,11.07.25 02:30:00 UTC,Yes,,0,0,0.4166666666666667,1,0,0,0,0,0,0,0,0,0,0,0,0,0,0,0.4166666666666667,1,0,0,0,0,0,0,0,0,0,0,68.33333333333334,164
poleno-33,babd171c-3dd6-4d11-9a78-8f63cff25c73,2025Q2_Gamma,11.07.25 02:30:00 UTC,11.07.25 03:30:00 UTC,Yes,,0,0,0,0,0,0,0,0,0,0,0,0,0,0,0,0,0,0,0,0,0,0,0,0,0.4166666666666667,1,0,0,0,0,37.5,90
poleno-33,babd171c-3dd6-4d11-9a78-8f63cff25c73,2025Q2_Gamma,11.07.25 03:30:00 UTC,11.07.25 04:30:00 UTC,Yes,,0,0,0,0,0,0,0,0,0,0,0,0,0,0,0,0,0,0,0,0,0,0,0,0,0,0,0,0,0,0,33.333333333333336,80
poleno-33,babd171c-3dd6-4d11-9a78-8f63cff25c73,2025Q2_Gamma,11.07.25 04:30:00 UTC,11.07.25 05:30:00 UTC,Yes,,0,0,0,0,0,0,0,0,0,0,0,0,0,0,0,0,0,0,0,0,0,0,0,0,0,0,0,0,0,0,20.833333333333336,50
poleno-33,babd171c-3dd6-4d11-9a78-8f63cff25c73,2025Q2_Gamma,11.07.25 05:30:00 UTC,11.07.25 06:30:00 UTC,Yes,,0,0,0,0,0,0,0,0,0,0,0,0,0,0,0,0,0,0,0,0,0,0,0,0,0,0,0,0,0,0,20.416666666666668,49
poleno-33,babd171c-3dd6-4d11-9a78-8f63cff25c73,2025Q2_Gamma,11.07.25 06:30:00 UTC,11.07.25 07:30:00 UTC,Yes,,0,0,0,0,0,0,0,0,0,0,0,0,0,0,0,0,0,0,0,0,0,0,0,0,0,0,0,0,0,0,37.91666666666667,91
poleno-33,babd171c-3dd6-4d11-9a78-8f63cff25c73,2025Q2_Gamma,11.07.25 07:30:00 UTC,11.07.25 08:30:00 UTC,Yes,,0,0,0,0,0,0,0,0,0,0,0,0,0,0,0,0,0,0,0,0,0,0,0,0,0,0,0,0,0,0,40.833333333333336,98
poleno-33,babd171c-3dd6-4d11-9a78-8f63cff25c73,2025Q2_Gamma,11.07.25 08:30:00 UTC,11.07.25 09:30:00 UTC,Yes,,0,0,1.25,3,0,0,0,0,0.4166666666666667,1,0,0,0,0,0.4166666666666667,1,0,0,0.8333333333333334,2,0.4166666666666667,1,1.6666666666666667,4,4.166666666666667,10,0,0,0,0,415.83333333333337,998
poleno-33,babd171c-3dd6-4d11-9a78-8f63cff25c73,2025Q2_Gamma,11.07.25 09:30:00 UTC,11.07.25 10:30:00 UTC,Yes,,0,0,0.4166666666666667,1,0,0,0,0,0,0,0,0,0,0,0,0,0,0,0.4166666666666667,1,0,0,0.8333333333333334,2,0,0,0.4166666666666667,1,0,0,178.75,429
poleno-33,babd171c-3dd6-4d11-9a78-8f63cff25c73,2025Q2_Gamma,11.07.25 10:30:00 UTC,11.07.25 11:30:00 UTC,Yes,,0,0,0,0,0,0,0,0,0,0,0,0,0,0,0,0,0,0,0,0,0,0,0,0,0.4166666666666667,1,0,0,0,0,137.08333333333334,329
poleno-33,babd171c-3dd6-4d11-9a78-8f63cff25c73,2025Q2_Gamma,11.07.25 11:30:00 UTC,11.07.25 12:30:00 UTC,Yes,,0,0,0.4166666666666667,1,0,0,0,0,0,0,0,0,0,0,0,0,0.4166666666666667,1,2.0833333333333335,5,0,0,0.4166666666666667,1,6.375708333333335,15.301700000000002,0,0,0.4166666666666667,1,2989.5927083333336,7175.0225
poleno-33,babd171c-3dd6-4d11-9a78-8f63cff25c73,2025Q2_Gamma,11.07.25 12:30:00 UTC,11.07.25 13:30:00 UTC,Yes,,0,0,0,0,0,0,0,0,0.4166666666666667,1,0,0,0.4166666666666667,1,0,0,0,0,2.5539583333333336,6.1295,0,0,0,0,20.501250000000002,49.203,0,0,0,0,9262.213683333333,22229.31284
poleno-33,babd171c-3dd6-4d11-9a78-8f63cff25c73,2025Q2_Gamma,11.07.25 13:30:00 UTC,11.07.25 14:30:00 UTC,Yes,,0,0,0.4166666666666667,1,0,0,0,0,0,0,0,0,0,0,0,0,0,0,1.0059833333333335,2.4143600000000003,1.2632291666666668,3.03175,0.4166666666666667,1,34.7223125,83.33355,0.4166666666666667,1,0,0,12561.816058333334,30148.35854
poleno-33,babd171c-3dd6-4d11-9a78-8f63cff25c73,2025Q2_Gamma,11.07.25 14:30:00 UTC,11.07.25 15:30:00 UTC,Yes,,0,0,0.5079375,1.21905,0,0,0,0,0,0,0,0,0,0,0,0,0,0,0,0,0,0,0,0,72.62935416666667,174.31045,0,0,0,0,24918.63511666667,59804.72428
poleno-33,babd171c-3dd6-4d11-9a78-8f63cff25c73,2025Q2_Gamma,11.07.25 15:30:00 UTC,11.07.25 16:30:00 UTC,Yes,,0,0,0,0,0,0,0,0,0,0,0,0,0,0,0,0,0,0,0,0,0,0,0,0,35.258137500000004,84.61953,0,0,0,0,21092.000833333335,50620.802
poleno-33,babd171c-3dd6-4d11-9a78-8f63cff25c73,2025Q2_Gamma,11.07.25 16:30:00 UTC,11.07.25 17:30:00 UTC,Yes,,0,0,0,0,0,0,0,0,0,0,0,0,0,0,0,0,0,0,0,0,0,0,0,0,93.67939166666666,224.83053999999998,0,0,0,0,21114.401400000002,50674.56336
poleno-33,babd171c-3dd6-4d11-9a78-8f63cff25c73,2025Q2_Gamma,11.07.25 17:30:00 UTC,11.07.25 18:30:00 UTC,Yes,,0,0,0,0,0,0,0,0,0,0,0,0,0,0,0,0,0,0,0,0,0,0,0,0,59.69729166666667,143.2735,0,0,0,0,24100.008087500002,57840.01941
poleno-33,babd171c-3dd6-4d11-9a78-8f63cff25c73,2025Q2_Gamma,11.07.25 18:30:00 UTC,11.07.25 19:30:00 UTC,Yes,,0,0,0,0,0,0,0,0,0.4166666666666667,1,0,0,0,0,0,0,0,0,0.8333333333333334,2,0,0,0.4166666666666667,1,20.043566666666667,48.10456,0.4166666666666667,1,0,0,11468.287600000001,27523.89024
poleno-33,babd171c-3dd6-4d11-9a78-8f63cff25c73,2025Q2_Gamma,11.07.25 19:30:00 UTC,11.07.25 20:30:00 UTC,Yes,,0,0,0.4166666666666667,1,0,0,0,0,0,0,0,0,0,0,0,0,0,0,0,0,0,0,0,0,6.04235,14.50164,0.4166666666666667,1,0.4166666666666667,1,2988.670004166667,7172.80801
poleno-33,babd171c-3dd6-4d11-9a78-8f63cff25c73,2025Q2_Gamma,11.07.25 20:30:00 UTC,11.07.25 21:30:00 UTC,Yes,,0,0,0,0,0,0,0,0,0,0,0,0,0,0,0,0,0,0,0.8333333333333334,2,0.4166666666666667,1,0,0,0,0,0,0,0,0,88.75,213
poleno-33,babd171c-3dd6-4d11-9a78-8f63cff25c73,2025Q2_Gamma,11.07.25 21:30:00 UTC,11.07.25 22:30:00 UTC,Yes,,0,0,0,0,0,0,0,0,0,0,0,0,0,0,0,0,0,0,0.8333333333333334,2,0,0,0,0,0,0,0,0,0,0,25.416666666666668,61
poleno-33,babd171c-3dd6-4d11-9a78-8f63cff25c73,2025Q2_Gamma,11.07.25 22:30:00 UTC,11.07.25 23:30:00 UTC,Yes,,0,0,0,0,0,0,0,0,0,0,0,0,0,0,0,0,0,0,0,0,0,0,0,0,0,0,0,0,0,0,36.25,87
poleno-33,babd171c-3dd6-4d11-9a78-8f63cff25c73,2025Q2_Gamma,11.07.25 23:30:00 UTC,12.07.25 00:30:00 UTC,Yes,,0,0,0,0,0,0,0,0,0,0,0,0,0,0,0,0,0,0,0,0,0,0,0.4166666666666667,1,0,0,0,0,0,0,54.583333333333336,131
poleno-33,babd171c-3dd6-4d11-9a78-8f63cff25c73,2025Q2_Gamma,12.07.25 00:30:00 UTC,12.07.25 01:30:00 UTC,Yes,,0.4166666666666667,1,0,0,0,0,0,0,0,0,0,0,0,0,0,0,0,0,0,0,0,0,0,0,0,0,0,0,0,0,91.66666666666667,220
poleno-33,babd171c-3dd6-4d11-9a78-8f63cff25c73,2025Q2_Gamma,12.07.25 01:30:00 UTC,12.07.25 02:30:00 UTC,Yes,,0,0,0,0,0,0,0,0,0.4166666666666667,1,0,0,0,0,0,0,0,0,0,0,0,0,0.4166666666666667,1,0,0,0,0,0,0,78.75,189
poleno-33,babd171c-3dd6-4d11-9a78-8f63cff25c73,2025Q2_Gamma,12.07.25 02:30:00 UTC,12.07.25 03:30:00 UTC,Yes,,0,0,0,0,0,0,0,0,0,0,0,0,0,0,0,0,0,0,0.4166666666666667,1,0,0,0.4166666666666667,1,0,0,0,0,0.4166666666666667,1,92.5,222
poleno-33,babd171c-3dd6-4d11-9a78-8f63cff25c73,2025Q2_Gamma,12.07.25 03:30:00 UTC,12.07.25 04:30:00 UTC,Yes,,0,0,0,0,0,0,0,0,0,0,0,0,0,0,0,0,0,0,0,0,0,0,0,0,0,0,0,0,0,0,47.083333333333336,113
poleno-33,babd171c-3dd6-4d11-9a78-8f63cff25c73,2025Q2_Gamma,12.07.25 04:30:00 UTC,12.07.25 05:30:00 UTC,Yes,,0,0,0,0,0,0,0,0,0,0,0,0,0,0,0,0,0,0,0,0,0.4166666666666667,1,0,0,0,0,0,0,0,0,22.916666666666668,55
poleno-33,babd171c-3dd6-4d11-9a78-8f63cff25c73,2025Q2_Gamma,12.07.25 05:30:00 UTC,12.07.25 06:30:00 UTC,Yes,,0,0,0,0,0,0,0,0,0,0,0,0,0,0,0,0,0,0,0,0,0,0,0.4166666666666667,1,0.8333333333333334,2,0,0,0,0,36.66666666666667,88
poleno-33,babd171c-3dd6-4d11-9a78-8f63cff25c73,2025Q2_Gamma,12.07.25 06:30:00 UTC,12.07.25 07:30:00 UTC,Yes,,0,0,0.4166666666666667,1,0,0,0,0,0.4166666666666667,1,0,0,0,0,0,0,0,0,0,0,0,0,0,0,0,0,0.4166666666666667,1,0,0,30.416666666666668,73
poleno-33,babd171c-3dd6-4d11-9a78-8f63cff25c73,2025Q2_Gamma,12.07.25 07:30:00 UTC,12.07.25 08:30:00 UTC,Yes,,0,0,0,0,0,0,0,0,0,0,0,0,0,0,0,0,0,0,1.25,3,0,0,0,0,0.8333333333333334,2,0,0,0,0,82.08333333333334,197
poleno-33,babd171c-3dd6-4d11-9a78-8f63cff25c73,2025Q2_Gamma,12.07.25 08:30:00 UTC,12.07.25 09:30:00 UTC,Yes,,0,0,0,0,0,0,0,0,0,0,0,0,0,0,0,0,0,0,0.8333333333333334,2,0,0,0,0,0.8333333333333334,2,0,0,0,0,117.91666666666667,283
poleno-33,babd171c-3dd6-4d11-9a78-8f63cff25c73,2025Q2_Gamma,12.07.25 09:30:00 UTC,12.07.25 10:30:00 UTC,Yes,,0,0,0,0,0,0,0,0,0,0,0,0,0,0,0,0,0,0,0.8333333333333334,2,0,0,0.4166666666666667,1,0.4166666666666667,1,0,0,0,0,139.16666666666669,334
poleno-33,babd171c-3dd6-4d11-9a78-8f63cff25c73,2025Q2_Gamma,12.07.25 10:30:00 UTC,12.07.25 11:30:00 UTC,Yes,,0,0,0.4166666666666667,1,0,0,0,0,0,0,0,0,0,0,0,0,0,0,0.8333333333333334,2,0.4166666666666667,1,0,0,0.4166666666666667,1,0.4166666666666667,1,0,0,313.33333333333337,752
poleno-33,babd171c-3dd6-4d11-9a78-8f63cff25c73,2025Q2_Gamma,12.07.25 11:30:00 UTC,12.07.25 12:30:00 UTC,Yes,,0,0,0.4166666666666667,1,0,0,0,0,0,0,0,0,0,0,0,0,0,0,2.5,6,0,0,0.8333333333333334,2,4.166666666666667,10,0.8333333333333334,2,0,0,3749.3382291666667,8998.41175
poleno-33,babd171c-3dd6-4d11-9a78-8f63cff25c73,2025Q2_Gamma,12.07.25 12:30:00 UTC,12.07.25 13:30:00 UTC,Yes,,0,0,1.25,3,0,0,0,0,0.8333333333333334,2,0,0,0,0,0,0,0,0,1.6666666666666667,4,0.4166666666666667,1,0,0,13.75,33,2.0950458333333333,5.02811,0.4166666666666667,1,3056.9045291666666,7336.57087
poleno-33,babd171c-3dd6-4d11-9a78-8f63cff25c73,2025Q2_Gamma,12.07.25 13:30:00 UTC,12.07.25 14:30:00 UTC,Yes,,0,0,0,0,0,0,0,0,3.3333333333333335,8,0,0,0,0,0,0,0,0,3.75,9,0,0,0.8333333333333334,2,31.172083333333337,74.813,0.4166666666666667,1,0.4166666666666667,1,2635.5667208333334,6325.36013
poleno-33,babd171c-3dd6-4d11-9a78-8f63cff25c73,2025Q2_Gamma,12.07.25 14:30:00 UTC,12.07.25 15:30:00 UTC,Yes,,0,0,0.8333333333333334,2,0.4166666666666667,1,0,0,0,0,0,0,0,0,0,0,0,0,5.416666666666667,13,0.8333333333333334,2,0.4166666666666667,1,13.75,33,1.25,3,0,0,1235.0838,2964.20112
poleno-33,babd171c-3dd6-4d11-9a78-8f63cff25c73,2025Q2_Gamma,12.07.25 15:30:00 UTC,12.07.25 16:30:00 UTC,Yes,,0.4166666666666667,1,0.4166666666666667,1,0,0,0,0,0.4166666666666667,1,0,0,0,0,0,0,0.4166666666666667,1,5.416666666666667,13,0.8333333333333334,2,0.8333333333333334,2,0.4166666666666667,1,0.8333333333333334,2,0,0,853.75,2049
poleno-33,babd171c-3dd6-4d11-9a78-8f63cff25c73,2025Q2_Gamma,12.07.25 16:30:00 UTC,12.07.25 17:30:00 UTC,Yes,,0,0,2.5,6,0.4166666666666667,1,0,0,0.4166666666666667,1,0.4166666666666667,1,0,0,0,0,0,0,6.666666666666667,16,2.5,6,2.5,6,1.6666666666666667,4,2.0833333333333335,5,0,0,1041.25,2499
poleno-33,babd171c-3dd6-4d11-9a78-8f63cff25c73,2025Q2_Gamma,12.07.25 17:30:00 UTC,12.07.25 18:30:00 UTC,Yes,,0,0,1.6666666666666667,4,0,0,0,0,1.25,3,0,0,0,0,0,0,0,0,3.75,9,2.0933333333333333,5.024,2.0833333333333335,5,2.5,6,1.25,3,0,0,2750.40185,6600.96444
poleno-33,babd171c-3dd6-4d11-9a78-8f63cff25c73,2025Q2_Gamma,12.07.25 18:30:00 UTC,12.07.25 19:30:00 UTC,Yes,,0,0,2.0833333333333335,5,0,0,0.4166666666666667,1,1.6666666666666667,4,0,0,0.4166666666666667,1,0,0,0,0,6.25,15,1.25,3,2.5,6,3.4199291666666665,8.20783,0.8333333333333334,2,0,0,1211.401425,2907.36342
poleno-33,babd171c-3dd6-4d11-9a78-8f63cff25c73,2025Q2_Gamma,12.07.25 19:30:00 UTC,12.07.25 20:30:00 UTC,Yes,,0,0,1.6666666666666667,4,0,0,0.4166666666666667,1,0.8333333333333334,2,0,0,0,0,0,0,0,0,6.25,15,0.8333333333333334,2,2.5,6,0,0,1.25,3,0,0,735.4166666666667,1765
poleno-33,babd171c-3dd6-4d11-9a78-8f63cff25c73,2025Q2_Gamma,12.07.25 20:30:00 UTC,12.07.25 21:30:00 UTC,Yes,,0.4166666666666667,1,1.25,3,0,0,0,0,1.25,3,0,0,0,0,0,0,0,0,2.5,6,0,0,0.4166666666666667,1,0.4166666666666667,1,0.4166666666666667,1,0,0,665,1596
poleno-33,babd171c-3dd6-4d11-9a78-8f63cff25c73,2025Q2_Gamma,12.07.25 21:30:00 UTC,12.07.25 22:30:00 UTC,Yes,,0,0,1.6666666666666667,4,0,0,0,0,2.5,6,0,0,0,0,0,0,0,0,4.166666666666667,10,1.6666666666666667,4,1.6666666666666667,4,4.583333333333334,11,0.8333333333333334,2,0.4166666666666667,1,1650.4056666666665,3960.9736
poleno-33,babd171c-3dd6-4d11-9a78-8f63cff25c73,2025Q2_Gamma,12.07.25 22:30:00 UTC,12.07.25 23:30:00 UTC,Yes,,0,0,0.4166666666666667,1,0,0,0,0,0.4166666666666667,1,0,0,0,0,0,0,0,0,2.5,6,0.8333333333333334,2,1.25,3,0,0,1.25,3,0,0,730.0793958333334,1752.19055
poleno-33,babd171c-3dd6-4d11-9a78-8f63cff25c73,2025Q2_Gamma,12.07.25 23:30:00 UTC,13.07.25 00:30:00 UTC,Yes,,0,0,1.6666666666666667,4,0,0,0,0,0.4166666666666667,1,0,0,0,0,0,0,0,0,1.6666666666666667,4,1.25,3,2.0833333333333335,5,0,0,0.8333333333333334,2,0,0,986.2127333333333,2366.91056
poleno-33,babd171c-3dd6-4d11-9a78-8f63cff25c73,2025Q2_Gamma,13.07.25 00:30:00 UTC,13.07.25 01:30:00 UTC,Yes,,0,0,0.8333333333333334,2,0,0,0,0,0.4166666666666667,1,0,0,0,0,0,0,0,0,1.6666666666666667,4,0.4166666666666667,1,1.25,3,0,0,1.6666666666666667,4,0,0,589.5833333333334,1415
poleno-33,babd171c-3dd6-4d11-9a78-8f63cff25c73,2025Q2_Gamma,13.07.25 01:30:00 UTC,13.07.25 02:30:00 UTC,Yes,,0,0,0.4166666666666667,1,0,0,0,0,0.4166666666666667,1,0,0,0,0,0,0,0.4166666666666667,1,0.4166666666666667,1,0.4166666666666667,1,1.25,3,0,0,0,0,0,0,2563.3280416666666,6151.9873
poleno-33,babd171c-3dd6-4d11-9a78-8f63cff25c73,2025Q2_Gamma,13.07.25 02:30:00 UTC,13.07.25 03:30:00 UTC,Yes,,0,0,0.8333333333333334,2,0,0,0,0,1.25,3,0,0,0,0,0,0,0,0,1.25,3,0.4166666666666667,1,0.8333333333333334,2,0,0,0.4166666666666667,1,0,0,505.4166666666667,1213
poleno-33,babd171c-3dd6-4d11-9a78-8f63cff25c73,2025Q2_Gamma,13.07.25 03:30:00 UTC,13.07.25 04:30:00 UTC,Yes,,0,0,0,0,0,0,0,0,0,0,0,0,0,0,0,0,0,0,0,0,0,0,0.4166666666666667,1,0,0,0,0,0,0,410,984
poleno-33,babd171c-3dd6-4d11-9a78-8f63cff25c73,2025Q2_Gamma,13.07.25 04:30:00 UTC,13.07.25 05:30:00 UTC,Yes,,0,0,0.4166666666666667,1,0,0,0,0,0.8333333333333334,2,0,0,0,0,0,0,0,0,0.4166666666666667,1,0.4166666666666667,1,0.4166666666666667,1,0,0,0,0,0,0,525.8333333333334,1262
poleno-33,babd171c-3dd6-4d11-9a78-8f63cff25c73,2025Q2_Gamma,13.07.25 05:30:00 UTC,13.07.25 06:30:00 UTC,Yes,,0,0,0.4166666666666667,1,0,0,0,0,0,0,0,0,0,0,0,0,0,0,0,0,0.4166666666666667,1,0.8333333333333334,2,0,0,0.8333333333333334,2,0.4166666666666667,1,586.6666666666667,1408
poleno-33,babd171c-3dd6-4d11-9a78-8f63cff25c73,2025Q2_Gamma,13.07.25 06:30:00 UTC,13.07.25 07:30:00 UTC,Yes,,0,0,0.8333333333333334,2,0,0,0,0,1.25,3,0,0,0,0,0,0,0,0,1.25,3,0.4166666666666667,1,0.4166666666666667,1,0.8333333333333334,2,0,0,0,0,540.4166666666667,1297
poleno-33,babd171c-3dd6-4d11-9a78-8f63cff25c73,2025Q2_Gamma,13.07.25 07:30:00 UTC,13.07.25 08:30:00 UTC,Yes,,0,0,0.4166666666666667,1,0,0,0,0,1.25,3,0,0,0,0,0,0,0,0,2.0833333333333335,5,0.4166666666666667,1,0.4166666666666667,1,0.4166666666666667,1,4.583333333333334,11,0,0,1030.90975,2474.1834
poleno-33,babd171c-3dd6-4d11-9a78-8f63cff25c73,2025Q2_Gamma,13.07.25 08:30:00 UTC,13.07.25 09:30:00 UTC,Yes,,0,0,1.6666666666666667,4,0,0,0,0,0.4166666666666667,1,0,0,0,0,0,0,0,0,2.0833333333333335,5,1.6666666666666667,4,1.6666666666666667,4,0,0,2.0833333333333335,5,0,0,1469.6059083333334,3527.05418
poleno-33,babd171c-3dd6-4d11-9a78-8f63cff25c73,2025Q2_Gamma,13.07.25 09:30:00 UTC,13.07.25 10:30:00 UTC,Yes,,0,0,0.4166666666666667,1,0,0,0,0,1.25,3,0,0,0,0,0.4166666666666667,1,0,0,0.846775,2.03226,0.8333333333333334,2,1.25,3,98.49452083333334,236.38685,0.8333333333333334,2,0,0,7295.916362500001,17510.19927
poleno-33,babd171c-3dd6-4d11-9a78-8f63cff25c73,2025Q2_Gamma,13.07.25 10:30:00 UTC,13.07.25 11:30:00 UTC,Yes,,0,0,0,0,0,0,0,0,1.25,3,0,0,0.4166666666666667,1,0,0,0.4166666666666667,1,0,0,0.4166666666666667,1,1.6666666666666667,4,0,0,0.8333333333333334,2,0,0,527.0833333333334,1265
poleno-33,babd171c-3dd6-4d11-9a78-8f63cff25c73,2025Q2_Gamma,13.07.25 11:30:00 UTC,13.07.25 12:30:00 UTC,Yes,,0,0,0.4166666666666667,1,0,0,0,0,0.4166666666666667,1,0,0,0,0,0.4166666666666667,1,0,0,0.8333333333333334,2,0.4166666666666667,1,0,0,0,0,0.8333333333333334,2,0,0,419.1666666666667,1006
poleno-33,babd171c-3dd6-4d11-9a78-8f63cff25c73,2025Q2_Gamma,13.07.25 12:30:00 UTC,13.07.25 13:30:00 UTC,Yes,,0,0,0.4166666666666667,1,0,0,0,0,0,0,0,0,0,0,0,0,0,0,0.43185,1.03644,0,0,0.4166666666666667,1,14.973154166666669,35.935570000000006,0,0,0,0,6075.6070625,14581.45695
poleno-33,babd171c-3dd6-4d11-9a78-8f63cff25c73,2025Q2_Gamma,13.07.25 13:30:00 UTC,13.07.25 14:30:00 UTC,Yes,,0,0,0.8333333333333334,2,0,0,0,0,0,0,0,0,0,0,0,0,0,0,0,0,0.4166666666666667,1,0.4166666666666667,1,6.386008333333334,15.32642,0.4166666666666667,1,0,0,1427.5993833333334,3426.23852
poleno-33,babd171c-3dd6-4d11-9a78-8f63cff25c73,2025Q2_Gamma,13.07.25 14:30:00 UTC,13.07.25 15:30:00 UTC,Yes,,0,0,0.4166666666666667,1,0,0,0,0,0,0,0,0,0,0,0,0,0,0,0.4166666666666667,1,0,0,0,0,29.15692083333333,69.97661,0,0,0,0,15839.656370833334,38015.17529
poleno-33,babd171c-3dd6-4d11-9a78-8f63cff25c73,2025Q2_Gamma,13.07.25 15:30:00 UTC,13.07.25 16:30:00 UTC,Yes,,0,0,0,0,0,0,0,0,0,0,0,0,0,0,0,0,0,0,0,0,0,0,0,0,43.79580416666666,105.10992999999999,0,0,0,0,10704.040733333333,25689.69776
poleno-33,babd171c-3dd6-4d11-9a78-8f63cff25c73,2025Q2_Gamma,13.07.25 16:30:00 UTC,13.07.25 17:30:00 UTC,Yes,,0,0,0,0,0,0,0,0,0,0,0,0,0,0,0,0,0,0,0,0,0,0,0,0,29.780604166666667,71.47345,0,0,0,0,7208.614733333334,17300.67536
poleno-33,babd171c-3dd6-4d11-9a78-8f63cff25c73,2025Q2_Gamma,13.07.25 17:30:00 UTC,13.07.25 18:30:00 UTC,Yes,,0,0,0,0,0,0,0,0,0,0,0,0,0.4166666666666667,1,0,0,0,0,0.8333333333333334,2,0,0,0,0,13.333333333333334,32,0.4166666666666667,1,0,0,7084.241733333333,17002.18016
poleno-33,babd171c-3dd6-4d11-9a78-8f63cff25c73,2025Q2_Gamma,13.07.25 18:30:00 UTC,13.07.25 19:30:00 UTC,Yes,,0,0,0,0,0,0,0,0,0,0,0,0,0,0,0,0,0,0,0,0,0,0,0,0,4.001787500000001,9.60429,0,0,0,0,14116.743183333336,33880.18364
poleno-33,babd171c-3dd6-4d11-9a78-8f63cff25c73,2025Q2_Gamma,13.07.25 19:30:00 UTC,13.07.25 20:30:00 UTC,Yes,,0,0,0,0,0,0,0,0,0,0,0,0,0,0,0,0,0,0,0,0,0,0,0,0,60.677591666666665,145.62622,0,0,0,0,5598.079441666667,13435.39066
poleno-33,babd171c-3dd6-4d11-9a78-8f63cff25c73,2025Q2_Gamma,13.07.25 20:30:00 UTC,13.07.25 21:30:00 UTC,Yes,,0,0,0,0,0,0,0,0,0,0,0,0,0,0,0,0,0,0,0,0,0,0,0,0,5.409525,12.98286,0,0,0,0,15913.671116666668,38192.81068
poleno-33,babd171c-3dd6-4d11-9a78-8f63cff25c73,2025Q2_Gamma,13.07.25 21:30:00 UTC,13.07.25 22:30:00 UTC,Yes,,0,0,0,0,0,0,0,0,0,0,0,0,0,0,0,0,0.4166666666666667,1,0,0,0,0,0,0,0.4166666666666667,1,0,0,0,0,11171.014383333333,26810.43452
poleno-33,babd171c-3dd6-4d11-9a78-8f63cff25c73,2025Q2_Gamma,13.07.25 22:30:00 UTC,13.07.25 23:30:00 UTC,Yes,,0,0,0,0,0,0,0,0,0.8333333333333334,2,0,0,0,0,0,0,0,0,0,0,0,0,0,0,8.75,21,0,0,0,0,4284.169345833333,10282.00643
poleno-33,babd171c-3dd6-4d11-9a78-8f63cff25c73,2025Q2_Gamma,13.07.25 23:30:00 UTC,14.07.25 00:30:00 UTC,Yes,,0,0,0.5614041666666667,1.34737,0,0,0,0,0,0,0,0,0,0,0,0,0,0,0,0,0,0,0,0,21.022604166666667,50.45425,0,0,0,0,8842.174433333334,21221.21864
poleno-33,babd171c-3dd6-4d11-9a78-8f63cff25c73,2025Q2_Gamma,14.07.25 00:30:00 UTC,14.07.25 01:30:00 UTC,Yes,,0,0,0,0,0,0,0,0,0,0,0,0,0,0,0,0,0,0,0,0,0,0,0,0,13.417304166666666,32.20153,0,0,0,0,6680.503433333333,16033.20824
poleno-33,babd171c-3dd6-4d11-9a78-8f63cff25c73,2025Q2_Gamma,14.07.25 01:30:00 UTC,14.07.25 02:30:00 UTC,Yes,,0,0,0,0,0,0,0,0,0,0,0,0,0,0,0,0,0.4166666666666667,1,0.4166666666666667,1,0,0,0,0,56.212525,134.91006,0,0,0,0,11142.366370833333,26741.67929
poleno-33,babd171c-3dd6-4d11-9a78-8f63cff25c73,2025Q2_Gamma,14.07.25 02:30:00 UTC,14.07.25 03:30:00 UTC,Yes,,0,0,0,0,0,0,0,0,0.9439541666666666,2.26549,0,0,0,0,0,0,0,0,0.6926416666666667,1.66234,0,0,0,0,4426.521966666667,10623.65272,0.9356708333333335,2.24561,0,0,22278.711016666668,53468.90644
poleno-33,babd171c-3dd6-4d11-9a78-8f63cff25c73,2025Q2_Gamma,14.07.25 03:30:00 UTC,14.07.25 04:30:00 UTC,Yes,,0,0,1.2549000000000001,3.01176,0,0,0,0,0,0,0,0,0,0,0,0,1.2698416666666668,3.04762,0,0,0,0,0,0,4349.562791666666,10438.9507,1.3333333333333335,3.2,0,0,25080.574037500002,60193.37769
poleno-33,babd171c-3dd6-4d11-9a78-8f63cff25c73,2025Q2_Gamma,14.07.25 04:30:00 UTC,14.07.25 05:30:00 UTC,Yes,,0,0,0,0,0,0,0.43360416666666673,1.04065,0,0,0,0,0,0,0,0,0,0,0.4984416666666667,1.19626,0,0,0,0,1265.9587,3038.30088,0,0,0,0,23278.001633333333,55867.20392
poleno-33,babd171c-3dd6-4d11-9a78-8f63cff25c73,2025Q2_Gamma,14.07.25 05:30:00 UTC,14.07.25 06:30:00 UTC,Yes,,0,0,0,0,0,0,0,0,0,0,0,0,0,0,0,0,0,0,0,0,0,0,4.8548375,11.65161,1059.7870958333335,2543.48903,0,0,0,0,11302.043650000001,27124.90476
poleno-33,babd171c-3dd6-4d11-9a78-8f63cff25c73,2025Q2_Gamma,14.07.25 06:30:00 UTC,14.07.25 07:30:00 UTC,Yes,,0,0,0.4166666666666667,1,0,0,0,0,0,0,0,0,0,0,0,0,0,0,0,0,0,0,4.596775000000001,11.03226,967.7863666666667,2322.68728,0,0,0,0,8539.461575000001,20494.70778
poleno-33,babd171c-3dd6-4d11-9a78-8f63cff25c73,2025Q2_Gamma,14.07.25 07:30:00 UTC,14.07.25 08:30:00 UTC,Yes,,0,0,0,0,0,0,0,0,0,0,0,0,0,0,0,0,0,0,0,0,0,0,0,0,35,84,0,0,0,0,1655.8807875,3974.11389
poleno-33,babd171c-3dd6-4d11-9a78-8f63cff25c73,2025Q2_Gamma,14.07.25 08:30:00 UTC,14.07.25 09:30:00 UTC,Yes,,0,0,0,0,0,0,0,0,0,0,0,0,0,0,0,0,0,0,0,0,0,0,0,0,7.083333333333334,17,0,0,0,0,1201.2223958333334,2882.93375
poleno-33,babd171c-3dd6-4d11-9a78-8f63cff25c73,2025Q2_Gamma,14.07.25 09:30:00 UTC,14.07.25 10:30:00 UTC,Yes,,0,0,0,0,0,0,0,0,0,0,0,0,0,0,0,0,0,0,0,0,0,0,0,0,0.8333333333333334,2,0,0,0,0,261.6666666666667,628
poleno-33,babd171c-3dd6-4d11-9a78-8f63cff25c73,2025Q2_Gamma,14.07.25 10:30:00 UTC,14.07.25 11:30:00 UTC,Yes,,0,0,0,0,0,0,0,0,0,0,0,0,0,0,0,0,0,0,0,0,0,0,0.4166666666666667,1,1.25,3,0,0,0,0,905.059975,2172.14394
poleno-33,babd171c-3dd6-4d11-9a78-8f63cff25c73,2025Q2_Gamma,14.07.25 11:30:00 UTC,14.07.25 12:30:00 UTC,Yes,,0,0,0,0,0,0,0,0,0,0,0,0,0,0,0,0,0,0,0,0,0,0,0.4166666666666667,1,5.833333333333334,14,0,0,0,0,1222.8934583333335,2934.9443
poleno-33,babd171c-3dd6-4d11-9a78-8f63cff25c73,2025Q2_Gamma,14.07.25 12:30:00 UTC,14.07.25 13:30:00 UTC,Yes,,0,0,0,0,0,0,0,0,0,0,0,0,0.4166666666666667,1,0,0,0,0,0,0,0,0,0,0,0.4166666666666667,1,0,0,0,0,1015.64625,2437.551
poleno-33,babd171c-3dd6-4d11-9a78-8f63cff25c73,2025Q2_Gamma,14.07.25 13:30:00 UTC,14.07.25 14:30:00 UTC,Yes,,0,0,0,0,0,0,0,0,0,0,0,0,0,0,0,0,0.4166666666666667,1,0,0,0,0,0,0,0,0,0,0,0,0,60.41666666666667,145
poleno-33,babd171c-3dd6-4d11-9a78-8f63cff25c73,2025Q2_Gamma,14.07.25 14:30:00 UTC,14.07.25 15:30:00 UTC,Yes,,0,0,0.4166666666666667,1,0,0,0,0,0.4166666666666667,1,0,0,0,0,0,0,0,0,0,0,0,0,0.4166666666666667,1,5.416666666666667,13,0,0,0,0,898.0501,2155.32024
poleno-33,babd171c-3dd6-4d11-9a78-8f63cff25c73,2025Q2_Gamma,14.07.25 15:30:00 UTC,14.07.25 16:30:00 UTC,Yes,,0,0,0.4166666666666667,1,0,0,0,0,0,0,0,0,0,0,0,0,0,0,0.4166666666666667,1,0,0,0.4166666666666667,1,1.7392958333333335,4.17431,0,0,0,0,6027.156233333334,14465.17496
poleno-33,babd171c-3dd6-4d11-9a78-8f63cff25c73,2025Q2_Gamma,14.07.25 16:30:00 UTC,14.07.25 17:30:00 UTC,Yes,,0,0,0,0,0,0,0,0,0,0,0,0,0,0,0,0,0,0,0.8333333333333334,2,0,0,0.4166666666666667,1,0.4166666666666667,1,0.4166666666666667,1,0,0,978.6253083333335,2348.70074
poleno-33,babd171c-3dd6-4d11-9a78-8f63cff25c73,2025Q2_Gamma,14.07.25 17:30:00 UTC,14.07.25 18:30:00 UTC,Yes,,0,0,0,0,0,0,0,0,0,0,0,0,0,0,0,0,0,0,1.25,3,0,0,0,0,0,0,0,0,0,0,813.3405916666667,1952.01742
poleno-33,babd171c-3dd6-4d11-9a78-8f63cff25c73,2025Q2_Gamma,14.07.25 18:30:00 UTC,14.07.25 19:30:00 UTC,Yes,,0,0,0,0,0,0,0,0,0.4166666666666667,1,0,0,0,0,0,0,0,0,1.25,3,0,0,0,0,0,0,0.4166666666666667,1,0,0,898.4234208333334,2156.21621
poleno-33,babd171c-3dd6-4d11-9a78-8f63cff25c73,2025Q2_Gamma,14.07.25 19:30:00 UTC,14.07.25 20:30:00 UTC,Yes,,0,0,0,0,0,0,0,0,0,0,0,0,0,0,0,0,0,0,0,0,0,0,0.8333333333333334,2,0,0,0,0,0,0,87.5,210
poleno-33,babd171c-3dd6-4d11-9a78-8f63cff25c73,2025Q2_Gamma,14.07.25 20:30:00 UTC,14.07.25 21:30:00 UTC,Yes,,0,0,0,0,0,0,0,0,0,0,0,0,0,0,0,0,0,0,0,0,0,0,0,0,0,0,0,0,0,0,15.833333333333334,38
poleno-33,babd171c-3dd6-4d11-9a78-8f63cff25c73,2025Q2_Gamma,14.07.25 21:30:00 UTC,14.07.25 22:30:00 UTC,Yes,,0,0,0,0,0,0,0,0,0,0,0,0,0,0,0,0,0,0,0.4166666666666667,1,0,0,0,0,0,0,0,0,0,0,25.416666666666668,61
poleno-33,babd171c-3dd6-4d11-9a78-8f63cff25c73,2025Q2_Gamma,14.07.25 22:30:00 UTC,14.07.25 23:30:00 UTC,Yes,,0,0,0,0,0,0,0,0,0,0,0,0,0,0,0,0,0,0,0,0,0,0,0,0,0,0,0,0,0,0,26.666666666666668,64
poleno-33,babd171c-3dd6-4d11-9a78-8f63cff25c73,2025Q2_Gamma,14.07.25 23:30:00 UTC,15.07.25 00:30:00 UTC,Yes,,0,0,0,0,0,0,0,0,0,0,0,0,0,0,0,0,0,0,0,0,0,0,0,0,0,0,0,0,0,0,137.5,330
poleno-33,babd171c-3dd6-4d11-9a78-8f63cff25c73,2025Q2_Gamma,15.07.25 00:30:00 UTC,15.07.25 01:30:00 UTC,Yes,,0,0,0,0,0,0,0,0,0,0,0,0,0,0,0,0,0,0,0.8333333333333334,2,0,0,0,0,0,0,0.4166666666666667,1,0,0,146.25,351
poleno-33,babd171c-3dd6-4d11-9a78-8f63cff25c73,2025Q2_Gamma,15.07.25 01:30:00 UTC,15.07.25 02:30:00 UTC,Yes,,0,0,0.4166666666666667,1,0,0,0,0,0,0,0,0,0,0,0,0,0,0,0,0,0,0,0,0,0,0,0,0,0,0,1623.1243333333334,3895.4984
poleno-33,babd171c-3dd6-4d11-9a78-8f63cff25c73,2025Q2_Gamma,15.07.25 02:30:00 UTC,15.07.25 03:30:00 UTC,Yes,,0,0,0.4166666666666667,1,0,0,0,0,0,0,0,0,0,0,0,0,0,0,0,0,0,0,0,0,22.668379166666668,54.40411,0,0,0,0,981.6006000000001,2355.84144
poleno-33,babd171c-3dd6-4d11-9a78-8f63cff25c73,2025Q2_Gamma,15.07.25 03:30:00 UTC,15.07.25 04:30:00 UTC,Yes,,0,0,0,0,0,0,0,0,0,0,0,0,0,0,0,0,0,0,0,0,0,0,0,0,49.5677,118.96248,0,0,0,0,1447.1900708333335,3473.25617
poleno-33,babd171c-3dd6-4d11-9a78-8f63cff25c73,2025Q2_Gamma,15.07.25 04:30:00 UTC,15.07.25 05:30:00 UTC,Yes,,0,0,0,0,0,0,0,0,0,0,0,0,0,0,0,0,0,0,0,0,0,0,0,0,0.4166666666666667,1,0,0,0,0,92.5,222
poleno-33,babd171c-3dd6-4d11-9a78-8f63cff25c73,2025Q2_Gamma,15.07.25 05:30:00 UTC,15.07.25 06:30:00 UTC,Yes,,0,0,0,0,0,0,0,0,0,0,0,0,0,0,0,0,0,0,0,0,0,0,0,0,7.088274999999999,17.01186,0.4166666666666667,1,0,0,845.6209958333334,2029.49039
poleno-33,babd171c-3dd6-4d11-9a78-8f63cff25c73,2025Q2_Gamma,15.07.25 06:30:00 UTC,15.07.25 07:30:00 UTC,Yes,,0,0,0,0,0,0,0,0,0,0,0,0,0,0,0,0,0,0,0,0,0,0,0,0,5.471,13.1304,0.4166666666666667,1,0,0,6480.6871083333335,15553.64906
poleno-33,babd171c-3dd6-4d11-9a78-8f63cff25c73,2025Q2_Gamma,15.07.25 07:30:00 UTC,15.07.25 08:30:00 UTC,Yes,,0,0,0.4166666666666667,1,0,0,0,0,0,0,0,0,0,0,0,0,0,0,0.4166666666666667,1,0,0,0,0,5.671166666666666,13.6108,0,0,0,0,2244.9206208333335,5387.80949
poleno-33,babd171c-3dd6-4d11-9a78-8f63cff25c73,2025Q2_Gamma,15.07.25 08:30:00 UTC,15.07.25 09:30:00 UTC,Yes,,0,0,0,0,0,0,0,0,0.4166666666666667,1,0,0,0,0,0,0,0,0,0.4166666666666667,1,1.25,3,0,0,0,0,0,0,0,0,1213.9086291666667,2913.38071
poleno-33,babd171c-3dd6-4d11-9a78-8f63cff25c73,2025Q2_Gamma,15.07.25 09:30:00 UTC,15.07.25 10:30:00 UTC,Yes,,0,0,0,0,0,0,0,0,0.8333333333333334,2,0,0,0,0,0,0,0,0,0,0,0,0,0.8333333333333334,2,4.166666666666667,10,1.25,3,0.4166666666666667,1,2853.259175,6847.82202
poleno-33,babd171c-3dd6-4d11-9a78-8f63cff25c73,2025Q2_Gamma,15.07.25 10:30:00 UTC,15.07.25 11:30:00 UTC,Yes,,0,0,2.5,6,0,0,0,0,0,0,0,0,0,0,0,0,0,0,0,0,0,0,1.25,3,8.916125,21.398699999999998,0,0,0,0,901.103975,2162.64954
poleno-33,babd171c-3dd6-4d11-9a78-8f63cff25c73,2025Q2_Gamma,15.07.25 11:30:00 UTC,15.07.25 12:30:00 UTC,Yes,,0,0,0.8333333333333334,2,0,0,0,0,0,0,0,0,0,0,0,0,0,0,0,0,0,0,0.4166666666666667,1,0,0,0,0,0,0,1429.2198500000002,3430.12764
poleno-33,babd171c-3dd6-4d11-9a78-8f63cff25c73,2025Q2_Gamma,15.07.25 12:30:00 UTC,15.07.25 13:30:00 UTC,Yes,,0,0,0,0,0,0,0,0,0,0,0,0,0,0,0,0,0,0,0,0,0,0,0,0,175.28773333333334,420.69056,0,0,0,0,18077.6389625,43386.33351
poleno-33,babd171c-3dd6-4d11-9a78-8f63cff25c73,2025Q2_Gamma,15.07.25 13:30:00 UTC,15.07.25 14:30:00 UTC,Yes,,0,0,0,0,0,0,0,0,0.4389583333333334,1.0535,0,0,0,0,0,0,0,0,0,0,0,0,0,0,169.77614583333332,407.46274999999997,0,0,0,0,19073.562445833337,45776.54987
poleno-33,babd171c-3dd6-4d11-9a78-8f63cff25c73,2025Q2_Gamma,15.07.25 14:30:00 UTC,15.07.25 15:30:00 UTC,Yes,,0,0,0,0,0,0,0,0,0,0,0,0,0,0,0,0,0,0,0,0,0,0,0,0,64.78067916666667,155.47363,0,0,0,0,17632.071895833335,42316.97255
poleno-33,babd171c-3dd6-4d11-9a78-8f63cff25c73,2025Q2_Gamma,15.07.25 15:30:00 UTC,15.07.25 16:30:00 UTC,Yes,,0,0,0,0,0,0,0,0,0,0,0,0,0,0,0,0,0,0,0,0,0,0,0,0,36.59578333333334,87.82988,0,0,0,0,12406.446008333334,29775.47042
poleno-33,babd171c-3dd6-4d11-9a78-8f63cff25c73,2025Q2_Gamma,15.07.25 16:30:00 UTC,15.07.25 17:30:00 UTC,Yes,,0,0,0,0,0,0,0,0,0,0,0,0,0,0,0,0,0,0,0.4166666666666667,1,0,0,0.4166666666666667,1,6.1046000000000005,14.65104,0,0,0,0,2124.981570833333,5099.95577
poleno-33,babd171c-3dd6-4d11-9a78-8f63cff25c73,2025Q2_Gamma,15.07.25 17:30:00 UTC,15.07.25 18:30:00 UTC,Yes,,0,0,0,0,0,0,0,0,0,0,0,0,0,0,0,0,0,0,0.4166666666666667,1,0,0,0,0,90.35805,216.85932,0,0,0,0,11383.79315,27321.10356
poleno-33,babd171c-3dd6-4d11-9a78-8f63cff25c73,2025Q2_Gamma,15.07.25 18:30:00 UTC,15.07.25 19:30:00 UTC,Yes,,0,0,0,0,0,0,0,0,0,0,0,0,0,0,0,0,0,0,0,0,0,0,0,0,205.10330416666667,492.24793,0,0,0,0,19772.165558333334,47453.19734
poleno-33,babd171c-3dd6-4d11-9a78-8f63cff25c73,2025Q2_Gamma,15.07.25 19:30:00 UTC,15.07.25 20:30:00 UTC,Yes,,0,0,0,0,0,0,0,0,0,0,0,0,0,0,0,0,0,0,0,0,0,0,0,0,5.833333333333334,14,0,0,0,0,2656.639491666667,6375.93478
poleno-33,babd171c-3dd6-4d11-9a78-8f63cff25c73,2025Q2_Gamma,15.07.25 20:30:00 UTC,15.07.25 21:30:00 UTC,Yes,,0,0,0,0,0,0,0,0,0,0,0,0,0,0,0.4166666666666667,1,0,0,0.4166666666666667,1,0,0,0,0,0,0,0.4166666666666667,1,0,0,126.25,303
poleno-33,babd171c-3dd6-4d11-9a78-8f63cff25c73,2025Q2_Gamma,15.07.25 21:30:00 UTC,15.07.25 22:30:00 UTC,Yes,,0,0,0,0,0,0,0,0,0,0,0,0,0,0,0,0,0,0,0,0,0,0,0,0,0,0,0.4166666666666667,1,0,0,87.91666666666667,211
poleno-33,babd171c-3dd6-4d11-9a78-8f63cff25c73,2025Q2_Gamma,15.07.25 22:30:00 UTC,15.07.25 23:30:00 UTC,Yes,,0,0,0,0,0,0,0,0,0,0,0,0,0,0,0,0,0,0,0.4166666666666667,1,0,0,0,0,0,0,0,0,0,0,60,144
poleno-33,babd171c-3dd6-4d11-9a78-8f63cff25c73,2025Q2_Gamma,15.07.25 23:30:00 UTC,16.07.25 00:30:00 UTC,Yes,,0,0,0,0,0,0,0,0,0,0,0,0,0,0,0,0,0,0,0,0,0,0,0.4166666666666667,1,0,0,0,0,0,0,59.16666666666667,142
poleno-33,babd171c-3dd6-4d11-9a78-8f63cff25c73,2025Q2_Gamma,16.07.25 00:30:00 UTC,16.07.25 01:30:00 UTC,Yes,,0,0,0,0,0,0,0,0,0,0,0,0,0,0,0,0,0,0,0,0,0,0,0,0,0,0,0,0,0,0,40.833333333333336,98
poleno-33,babd171c-3dd6-4d11-9a78-8f63cff25c73,2025Q2_Gamma,16.07.25 01:30:00 UTC,16.07.25 02:30:00 UTC,Yes,,0,0,0,0,0,0,0,0,0,0,0,0,0,0,0,0,0,0,0,0,0.4166666666666667,1,0,0,0,0,0.4166666666666667,1,0,0,69.58333333333334,167
poleno-33,babd171c-3dd6-4d11-9a78-8f63cff25c73,2025Q2_Gamma,16.07.25 02:30:00 UTC,16.07.25 03:30:00 UTC,Yes,,0,0,0,0,0,0,0,0,0,0,0,0,0,0,0,0,0,0,0,0,0,0,0,0,0,0,0,0,0,0,45.41666666666667,109
poleno-33,babd171c-3dd6-4d11-9a78-8f63cff25c73,2025Q2_Gamma,16.07.25 03:30:00 UTC,16.07.25 04:30:00 UTC,Yes,,0,0,0,0,0,0,0,0,0,0,0,0,0,0,0,0,0,0,0,0,0,0,0.4166666666666667,1,13.75,33,0,0,0,0,923.7903375000001,2217.09681
poleno-33,babd171c-3dd6-4d11-9a78-8f63cff25c73,2025Q2_Gamma,16.07.25 04:30:00 UTC,16.07.25 05:30:00 UTC,Yes,,0,0,0,0,0,0,0,0,0,0,0,0,0,0,0,0,0,0,0,0,0,0,0,0,104.2651125,250.23627,0,0,0,0,1841.4036041666668,4419.36865
poleno-33,babd171c-3dd6-4d11-9a78-8f63cff25c73,2025Q2_Gamma,16.07.25 05:30:00 UTC,16.07.25 06:30:00 UTC,Yes,,0,0,0,0,0,0,0,0,0,0,0,0,0,0,0.4166666666666667,1,0,0,0,0,0,0,0,0,107.10240833333333,257.04578,0,0,0,0,4535.812783333334,10885.95068
poleno-33,babd171c-3dd6-4d11-9a78-8f63cff25c73,2025Q2_Gamma,16.07.25 06:30:00 UTC,16.07.25 07:30:00 UTC,Yes,,0,0,0,0,0,0,0,0,0,0,0,0,0,0,0,0,0,0,0,0,0,0,0.4166666666666667,1,92.50327916666667,222.00787,0,0,0,0,392.51965,942.04716
poleno-33,babd171c-3dd6-4d11-9a78-8f63cff25c73,2025Q2_Gamma,16.07.25 07:30:00 UTC,16.07.25 08:30:00 UTC,Yes,,0,0,0,0,0,0,0,0,0,0,0,0,0,0,0,0,0,0,0,0,0,0,0,0,72.08333333333334,173,0,0,0,0,925.5052833333334,2221.21268
poleno-33,babd171c-3dd6-4d11-9a78-8f63cff25c73,2025Q2_Gamma,16.07.25 08:30:00 UTC,16.07.25 09:30:00 UTC,Yes,,0,0,0,0,0,0,0,0,0,0,0,0,0,0,0,0,0,0,0,0,0,0,0,0,36.341300000000004,87.21912,0,0,0,0,1094.2485958333334,2626.19663
poleno-33,babd171c-3dd6-4d11-9a78-8f63cff25c73,2025Q2_Gamma,16.07.25 09:30:00 UTC,16.07.25 10:30:00 UTC,Yes,,0,0,0,0,0,0,0,0,0,0,0,0,0,0,0,0,0,0,0,0,0,0,0,0,0.4166666666666667,1,0,0,0,0,43.333333333333336,104
poleno-33,babd171c-3dd6-4d11-9a78-8f63cff25c73,2025Q2_Gamma,16.07.25 10:30:00 UTC,16.07.25 11:30:00 UTC,Yes,,0,0,0,0,0,0,0,0,0,0,0,0,0,0,0,0,0,0,0,0,0,0,0,0,0,0,0,0,0,0,0,0
poleno-33,babd171c-3dd6-4d11-9a78-8f63cff25c73,2025Q2_Gamma,16.07.25 11:30:00 UTC,16.07.25 12:30:00 UTC,Yes,,0,0,0,0,0,0,0,0,0,0,0,0,0,0,0,0,0,0,0,0,0,0,0,0,0,0,0,0,0,0,0,0
poleno-33,babd171c-3dd6-4d11-9a78-8f63cff25c73,2025Q2_Gamma,16.07.25 12:30:00 UTC,16.07.25 13:30:00 UTC,Yes,,0,0,0,0,0,0,0,0,0,0,0,0,0,0,0,0,0,0,0,0,0,0,0,0,0,0,0,0,0,0,0,0
poleno-33,babd171c-3dd6-4d11-9a78-8f63cff25c73,2025Q2_Gamma,16.07.25 13:30:00 UTC,16.07.25 14:30:00 UTC,Yes,,0,0,0,0,0,0,0,0,0,0,0,0,0,0,0,0,0,0,0,0,0,0,0,0,0,0,0,0,0,0,0,0
poleno-33,babd171c-3dd6-4d11-9a78-8f63cff25c73,2025Q2_Gamma,16.07.25 14:30:00 UTC,16.07.25 15:30:00 UTC,Yes,,0,0,0,0,0,0,0,0,0,0,0,0,0,0,0,0,0,0,0,0,0,0,0,0,0,0,0,0,0,0,0,0
poleno-33,babd171c-3dd6-4d11-9a78-8f63cff25c73,2025Q2_Gamma,16.07.25 15:30:00 UTC,16.07.25 16:30:00 UTC,Yes,,0,0,0,0,0,0,0,0,0,0,0,0,0,0,0,0,0,0,0,0,0,0,0,0,5,12,0,0,0,0,17.083333333333336,41
poleno-33,babd171c-3dd6-4d11-9a78-8f63cff25c73,2025Q2_Gamma,16.07.25 16:30:00 UTC,16.07.25 17:30:00 UTC,Yes,,0,0,0,0,0,0,0,0,0,0,0,0,0,0,0,0,0,0,0,0,0,0,0,0,0,0,0,0,0,0,0,0
poleno-33,babd171c-3dd6-4d11-9a78-8f63cff25c73,2025Q2_Gamma,16.07.25 17:30:00 UTC,16.07.25 18:30:00 UTC,Yes,,0,0,0,0,0,0,0,0,0,0,0,0,0,0,0,0,0,0,0,0,0,0,0,0,0,0,0,0,0,0,0,0
poleno-33,babd171c-3dd6-4d11-9a78-8f63cff25c73,2025Q2_Gamma,16.07.25 18:30:00 UTC,16.07.25 19:30:00 UTC,Yes,,0,0,0,0,0,0,0,0,0,0,0,0,0,0,0,0,0,0,0,0,0,0,0,0,0,0,0,0,0,0,0,0
poleno-33,babd171c-3dd6-4d11-9a78-8f63cff25c73,2025Q2_Gamma,16.07.25 19:30:00 UTC,16.07.25 20:30:00 UTC,Yes,,0,0,0,0,0,0,0,0,0,0,0,0,0,0,0,0,0,0,0,0,0,0,0,0,0,0,0,0,0,0,0,0
poleno-33,babd171c-3dd6-4d11-9a78-8f63cff25c73,2025Q2_Gamma,16.07.25 20:30:00 UTC,16.07.25 21:30:00 UTC,Yes,,0,0,0,0,0,0,0,0,0,0,0,0,0,0,0,0,0,0,0,0,0,0,0,0,0,0,0,0,0,0,0,0
poleno-33,babd171c-3dd6-4d11-9a78-8f63cff25c73,2025Q2_Gamma,16.07.25 21:30:00 UTC,16.07.25 22:30:00 UTC,Yes,,0,0,0,0,0,0,0,0,0,0,0,0,0,0,0,0,0,0,0,0,0,0,0,0,0,0,0,0,0,0,0,0
poleno-33,babd171c-3dd6-4d11-9a78-8f63cff25c73,2025Q2_Gamma,16.07.25 22:30:00 UTC,16.07.25 23:30:00 UTC,Yes,,0,0,0,0,0,0,0,0,0,0,0,0,0,0,0,0,0,0,0,0,0,0,0,0,0,0,0,0,0,0,0,0
poleno-33,babd171c-3dd6-4d11-9a78-8f63cff25c73,2025Q2_Gamma,16.07.25 23:30:00 UTC,17.07.25 00:30:00 UTC,Yes,,0,0,0,0,0,0,0,0,0,0,0,0,0,0,0,0,0,0,0,0,0,0,0,0,0,0,0,0,0,0,0,0
poleno-33,babd171c-3dd6-4d11-9a78-8f63cff25c73,2025Q2_Gamma,17.07.25 00:30:00 UTC,17.07.25 01:30:00 UTC,Yes,,0,0,0,0,0,0,0,0,0,0,0,0,0,0,0,0,0,0,0,0,0,0,0,0,0,0,0,0,0,0,0,0
poleno-33,babd171c-3dd6-4d11-9a78-8f63cff25c73,2025Q2_Gamma,17.07.25 01:30:00 UTC,17.07.25 02:30:00 UTC,Yes,,0,0,0,0,0,0,0,0,0,0,0,0,0,0,0,0,0,0,0,0,0,0,0,0,0,0,0,0,0,0,0,0
poleno-33,babd171c-3dd6-4d11-9a78-8f63cff25c73,2025Q2_Gamma,17.07.25 02:30:00 UTC,17.07.25 03:30:00 UTC,Yes,,0,0,0,0,0,0,0,0,0,0,0,0,0,0,0,0,0,0,0,0,0,0,0,0,0,0,0,0,0,0,0,0
poleno-33,babd171c-3dd6-4d11-9a78-8f63cff25c73,2025Q2_Gamma,17.07.25 03:30:00 UTC,17.07.25 04:30:00 UTC,Yes,,0,0,0,0,0,0,0,0,0,0,0,0,0,0,0,0,0,0,0,0,0,0,0,0,0,0,0,0,0,0,0,0
poleno-33,babd171c-3dd6-4d11-9a78-8f63cff25c73,2025Q2_Gamma,17.07.25 04:30:00 UTC,17.07.25 05:30:00 UTC,Yes,,0,0,0,0,0,0,0,0,0,0,0,0,0,0,0,0,0,0,0,0,0,0,0,0,0,0,0,0,0,0,0,0
poleno-33,babd171c-3dd6-4d11-9a78-8f63cff25c73,2025Q2_Gamma,17.07.25 05:30:00 UTC,17.07.25 06:30:00 UTC,Yes,,0,0,0,0,0,0,0,0,0,0,0,0,0,0,0,0,0,0,0,0,0,0,0,0,0,0,0,0,0,0,0,0
poleno-33,babd171c-3dd6-4d11-9a78-8f63cff25c73,2025Q2_Gamma,17.07.25 06:30:00 UTC,17.07.25 07:30:00 UTC,Yes,,0,0,0,0,0,0,0,0,0,0,0,0,0,0,0,0,0,0,0,0,0,0,0,0,0,0,0,0,0,0,0,0
poleno-33,babd171c-3dd6-4d11-9a78-8f63cff25c73,2025Q2_Gamma,17.07.25 07:30:00 UTC,17.07.25 08:30:00 UTC,Yes,,0,0,0,0,0,0,0,0,0,0,0,0,0,0,0,0,0,0,0,0,0,0,0,0,173.90685833333333,417.37646,0,0,0,0,5405.672545833334,12973.61411
poleno-33,babd171c-3dd6-4d11-9a78-8f63cff25c73,2025Q2_Gamma,17.07.25 08:30:00 UTC,17.07.25 09:30:00 UTC,Yes,,0,0,0,0,0,0,0,0,0,0,0,0,0,0,0,0,0,0,0,0,0,0,0,0,0,0,0,0,0,0,27.083333333333336,65
poleno-33,babd171c-3dd6-4d11-9a78-8f63cff25c73,2025Q2_Gamma,17.07.25 09:30:00 UTC,17.07.25 10:30:00 UTC,Yes,,0,0,0,0,0,0,0,0,0,0,0,0,0,0,0,0,0,0,0,0,0,0,0,0,0.4166666666666667,1,0,0,0,0,54.583333333333336,131
poleno-33,babd171c-3dd6-4d11-9a78-8f63cff25c73,2025Q2_Gamma,17.07.25 10:30:00 UTC,17.07.25 11:30:00 UTC,Yes,,0,0,0.4166666666666667,1,0,0,0,0,0,0,0,0,0,0,0,0,0,0,0,0,0,0,0,0,15.386604166666666,36.92785,0,0,0,0,727.688,1746.4512
poleno-33,babd171c-3dd6-4d11-9a78-8f63cff25c73,2025Q2_Gamma,17.07.25 11:30:00 UTC,17.07.25 12:30:00 UTC,Yes,,0,0,0.4166666666666667,1,0,0,0,0,0.4166666666666667,1,0,0,0,0,0,0,0,0,0,0,0,0,0.4166666666666667,1,4.583333333333334,11,0,0,0,0,4115.999945833333,9878.39987
poleno-33,babd171c-3dd6-4d11-9a78-8f63cff25c73,2025Q2_Gamma,17.07.25 12:30:00 UTC,17.07.25 13:30:00 UTC,Yes,,0,0,0.4166666666666667,1,0,0,0,0,0.4166666666666667,1,0,0,0,0,0,0,0,0,0,0,0,0,0,0,22.036095833333334,52.886630000000004,0,0,0,0,1919.4767124999998,4606.74411
poleno-33,babd171c-3dd6-4d11-9a78-8f63cff25c73,2025Q2_Gamma,17.07.25 13:30:00 UTC,17.07.25 14:30:00 UTC,Yes,,0,0,0,0,0,0,0,0,0,0,0,0,0,0,0,0,0,0,0,0,0,0,0.8333333333333334,2,35.509079166666666,85.22179,0,0,0,0,8933.993629166667,21441.58471
poleno-33,babd171c-3dd6-4d11-9a78-8f63cff25c73,2025Q2_Gamma,17.07.25 14:30:00 UTC,17.07.25 15:30:00 UTC,Yes,,0,0,0,0,0,0,0,0,0,0,0,0,0,0,0,0,0,0,0.4166666666666667,1,0,0,0,0,18.508179166666668,44.41963,0,0,0,0,17430.046083333335,41832.1106
poleno-33,babd171c-3dd6-4d11-9a78-8f63cff25c73,2025Q2_Gamma,17.07.25 15:30:00 UTC,17.07.25 16:30:00 UTC,Yes,,0,0,0,0,0,0,0,0,0,0,0,0,0,0,0,0,0,0,0.4166666666666667,1,0,0,0.8333333333333334,2,13.520416666666666,32.449,0,0,0,0,6066.743137500001,14560.18353
poleno-33,babd171c-3dd6-4d11-9a78-8f63cff25c73,2025Q2_Gamma,17.07.25 16:30:00 UTC,17.07.25 17:30:00 UTC,Yes,,0,0,0,0,0,0,0,0,0.4166666666666667,1,0,0,0,0,0,0,0.4166666666666667,1,2.916666666666667,7,0,0,0,0,1.6732250000000002,4.01574,1.25,3,0,0,2414.1479833333337,5793.95516
poleno-33,babd171c-3dd6-4d11-9a78-8f63cff25c73,2025Q2_Gamma,17.07.25 17:30:00 UTC,17.07.25 18:30:00 UTC,Yes,,0,0,0.4166666666666667,1,0,0,0,0,0.4166666666666667,1,0,0,0,0,0,0,0,0,2.916666666666667,7,0.4166666666666667,1,0.8333333333333334,2,5,12,0.8333333333333334,2,0,0,526.6666666666667,1264
poleno-33,babd171c-3dd6-4d11-9a78-8f63cff25c73,2025Q2_Gamma,17.07.25 18:30:00 UTC,17.07.25 19:30:00 UTC,Yes,,0,0,0,0,0,0,0,0,0.4166666666666667,1,0,0,0,0,0,0,0,0,1.6666666666666667,4,0,0,0,0,0,0,0,0,0.4166666666666667,1,304.1666666666667,730
poleno-33,babd171c-3dd6-4d11-9a78-8f63cff25c73,2025Q2_Gamma,17.07.25 19:30:00 UTC,17.07.25 20:30:00 UTC,Yes,,0,0,0,0,0,0,0,0,0.4166666666666667,1,0,0,0,0,0,0,0,0,1.6666666666666667,4,0,0,0,0,0.4166666666666667,1,0,0,0,0,160.41666666666669,385
poleno-33,babd171c-3dd6-4d11-9a78-8f63cff25c73,2025Q2_Gamma,17.07.25 20:30:00 UTC,17.07.25 21:30:00 UTC,Yes,,0,0,0,0,0,0,0,0,0,0,0,0,0,0,0,0,0,0,0.4166666666666667,1,0,0,0.4166666666666667,1,0,0,0,0,0,0,129.16666666666669,310
poleno-33,babd171c-3dd6-4d11-9a78-8f63cff25c73,2025Q2_Gamma,17.07.25 21:30:00 UTC,17.07.25 22:30:00 UTC,Yes,,0,0,0,0,0,0,0,0,0,0,0,0,0,0,0,0,0,0,0,0,0,0,0,0,0,0,0,0,0,0,182.91666666666669,439
poleno-33,babd171c-3dd6-4d11-9a78-8f63cff25c73,2025Q2_Gamma,17.07.25 22:30:00 UTC,17.07.25 23:30:00 UTC,Yes,,0,0,0.4166666666666667,1,0,0,0,0,0,0,0,0,0,0,0.4166666666666667,1,0,0,0.4166666666666667,1,0,0,0,0,0.4166666666666667,1,0.8333333333333334,2,0,0,306.25,735
poleno-33,babd171c-3dd6-4d11-9a78-8f63cff25c73,2025Q2_Gamma,17.07.25 23:30:00 UTC,18.07.25 00:30:00 UTC,Yes,,0,0,0,0,0,0,0,0,0,0,0,0,0,0,0,0,0,0,0.4166666666666667,1,0,0,0,0,0,0,0,0,0,0,132.08333333333334,317
poleno-33,babd171c-3dd6-4d11-9a78-8f63cff25c73,2025Q2_Gamma,18.07.25 00:30:00 UTC,18.07.25 01:30:00 UTC,Yes,,0,0,0.4166666666666667,1,0,0,0,0,0,0,0,0,0,0,0,0,0,0,0,0,0,0,0,0,4.166666666666667,10,0,0,0,0,62.5,150
poleno-33,babd171c-3dd6-4d11-9a78-8f63cff25c73,2025Q2_Gamma,18.07.25 01:30:00 UTC,18.07.25 02:30:00 UTC,Yes,,0,0,0,0,0,0,0,0,0,0,0,0,0,0,0,0,0,0,0,0,0,0,0.4166666666666667,1,0,0,0,0,0,0,36.25,87
poleno-33,babd171c-3dd6-4d11-9a78-8f63cff25c73,2025Q2_Gamma,18.07.25 02:30:00 UTC,18.07.25 03:30:00 UTC,Yes,,0,0,0.4166666666666667,1,0,0,0,0,0,0,0,0,0,0,0,0,0,0,0.4166666666666667,1,0,0,0,0,0,0,0,0,0,0,57.91666666666667,139
poleno-33,babd171c-3dd6-4d11-9a78-8f63cff25c73,2025Q2_Gamma,18.07.25 03:30:00 UTC,18.07.25 04:30:00 UTC,Yes,,0,0,0,0,0,0,0,0,0,0,0,0,0,0,0,0,0,0,0.4166666666666667,1,0,0,0,0,0,0,0,0,0,0,91.25,219
poleno-33,babd171c-3dd6-4d11-9a78-8f63cff25c73,2025Q2_Gamma,18.07.25 04:30:00 UTC,18.07.25 05:30:00 UTC,Yes,,0,0,0,0,0,0,0,0,0,0,0,0,0,0,0,0,0,0,0,0,0.4166666666666667,1,0,0,0,0,0.4166666666666667,1,0,0,127.08333333333334,305
poleno-33,babd171c-3dd6-4d11-9a78-8f63cff25c73,2025Q2_Gamma,18.07.25 05:30:00 UTC,18.07.25 06:30:00 UTC,Yes,,0,0,0,0,0,0,0,0,0,0,0,0,0,0,0,0,0,0,0,0,0,0,0.4166666666666667,1,0,0,0,0,0,0,140.41666666666669,337
poleno-33,babd171c-3dd6-4d11-9a78-8f63cff25c73,2025Q2_Gamma,18.07.25 06:30:00 UTC,18.07.25 07:30:00 UTC,Yes,,0,0,0,0,0,0,0,0,0,0,0,0,0,0,0,0,0,0,0,0,0.4166666666666667,1,0,0,0,0,0,0,0,0,191.66666666666669,460
poleno-33,babd171c-3dd6-4d11-9a78-8f63cff25c73,2025Q2_Gamma,18.07.25 07:30:00 UTC,18.07.25 08:30:00 UTC,Yes,,0,0,0.8333333333333334,2,0,0,0,0,0,0,0,0,0,0,0,0,0,0,0,0,0,0,0,0,0,0,0,0,0,0,561.6666666666667,1348
poleno-33,babd171c-3dd6-4d11-9a78-8f63cff25c73,2025Q2_Gamma,18.07.25 08:30:00 UTC,18.07.25 09:30:00 UTC,Yes,,0,0,0,0,0,0,0,0,0,0,0,0,0,0,0,0,0,0,0,0,0,0,0,0,0,0,0.4166666666666667,1,0,0,135.83333333333334,326
poleno-33,babd171c-3dd6-4d11-9a78-8f63cff25c73,2025Q2_Gamma,18.07.25 09:30:00 UTC,18.07.25 10:30:00 UTC,Yes,,0,0,0,0,0,0,0,0,0,0,0,0,0,0,0,0,0,0,0,0,0.4166666666666667,1,0.4166666666666667,1,0,0,0.4166666666666667,1,0,0,92.5,222
poleno-33,babd171c-3dd6-4d11-9a78-8f63cff25c73,2025Q2_Gamma,18.07.25 10:30:00 UTC,18.07.25 11:30:00 UTC,Yes,,0,0,0.8333333333333334,2,0,0,0,0,0,0,0,0,0,0,0,0,0,0,0,0,0.4166666666666667,1,0,0,0,0,0,0,0,0,87.91666666666667,211
poleno-33,babd171c-3dd6-4d11-9a78-8f63cff25c73,2025Q2_Gamma,18.07.25 11:30:00 UTC,18.07.25 12:30:00 UTC,Yes,,0,0,0,0,0,0,0,0,0,0,0,0,0,0,0,0,0,0,0.8333333333333334,2,0.4166666666666667,1,0.4166666666666667,1,0,0,0,0,0,0,177.08333333333334,425
poleno-33,babd171c-3dd6-4d11-9a78-8f63cff25c73,2025Q2_Gamma,18.07.25 12:30:00 UTC,18.07.25 13:30:00 UTC,Yes,,0,0,0.8333333333333334,2,0,0,0,0,0.4166666666666667,1,0,0,0,0,0,0,0,0,4.166666666666667,10,0,0,0.4166666666666667,1,0,0,0.8333333333333334,2,0,0,392.9166666666667,943
poleno-33,babd171c-3dd6-4d11-9a78-8f63cff25c73,2025Q2_Gamma,18.07.25 13:30:00 UTC,18.07.25 14:30:00 UTC,Yes,,0.4166666666666667,1,1.25,3,0,0,0,0,0.4166666666666667,1,0,0,0,0,0,0,0,0,3.3333333333333335,8,0,0,0.8333333333333334,2,6.25,15,2.0833333333333335,5,0,0,682.0833333333334,1637
poleno-33,babd171c-3dd6-4d11-9a78-8f63cff25c73,2025Q2_Gamma,18.07.25 14:30:00 UTC,18.07.25 15:30:00 UTC,Yes,,0,0,0.8333333333333334,2,0,0,0,0,1.25,3,0,0,0,0,0.4166666666666667,1,0,0,4.583333333333334,11,0,0,0.8333333333333334,2,0.8333333333333334,2,0,0,0.4166666666666667,1,625.4166666666667,1501
poleno-33,babd171c-3dd6-4d11-9a78-8f63cff25c73,2025Q2_Gamma,18.07.25 15:30:00 UTC,18.07.25 16:30:00 UTC,Yes,,0.4166666666666667,1,1.25,3,0,0,0.4166666666666667,1,2.916666666666667,7,0,0,0.4166666666666667,1,0.4166666666666667,1,0,0,15.833333333333334,38,1.25,3,2.0833333333333335,5,2.5,6,1.6666666666666667,4,0,0,931.6666666666667,2236
poleno-33,babd171c-3dd6-4d11-9a78-8f63cff25c73,2025Q2_Gamma,18.07.25 16:30:00 UTC,18.07.25 17:30:00 UTC,Yes,,0,0,2.0833333333333335,5,0,0,0,0,0.8333333333333334,2,0,0,0,0,0,0,0,0,13.333333333333334,32,0.8333333333333334,2,3.3333333333333335,8,5,12,2.0833333333333335,5,0.4166666666666667,1,953.3333333333334,2288
poleno-33,babd171c-3dd6-4d11-9a78-8f63cff25c73,2025Q2_Gamma,18.07.25 17:30:00 UTC,18.07.25 18:30:00 UTC,Yes,,0,0,2.0833333333333335,5,0,0,0,0,0,0,0,0,0.8333333333333334,2,0,0,0,0,10.416666666666668,25,0.8333333333333334,2,1.6666666666666667,4,0.4166666666666667,1,1.25,3,0,0,731.25,1755
poleno-33,babd171c-3dd6-4d11-9a78-8f63cff25c73,2025Q2_Gamma,18.07.25 18:30:00 UTC,18.07.25 19:30:00 UTC,Yes,,0,0,1.25,3,0,0,0,0,0,0,0,0,0,0,0,0,0,0,0.8333333333333334,2,0.4166666666666667,1,0.8333333333333334,2,0,0,0.4166666666666667,1,0.4166666666666667,1,779.1666666666667,1870
poleno-33,babd171c-3dd6-4d11-9a78-8f63cff25c73,2025Q2_Gamma,18.07.25 19:30:00 UTC,18.07.25 20:30:00 UTC,Yes,,0,0,0.4166666666666667,1,0,0,0,0,0.8333333333333334,2,0,0,0,0,0,0,0,0,2.0833333333333335,5,0,0,1.25,3,1.6666666666666667,4,1.25,3,0,0,1594.5833333333335,3827
poleno-33,babd171c-3dd6-4d11-9a78-8f63cff25c73,2025Q2_Gamma,18.07.25 20:30:00 UTC,18.07.25 21:30:00 UTC,Yes,,0,0,0,0,0,0,0,0,0.8333333333333334,2,0,0,0,0,0,0,0,0,0,0,0,0,2.5,6,0,0,0.8333333333333334,2,0,0,983.75,2361
poleno-33,babd171c-3dd6-4d11-9a78-8f63cff25c73,2025Q2_Gamma,18.07.25 21:30:00 UTC,18.07.25 22:30:00 UTC,Yes,,0,0,1.25,3,0,0,0,0,1.6666666666666667,4,0,0,0,0,0,0,0,0,0.8333333333333334,2,0.4166666666666667,1,0.4166666666666667,1,0,0,0,0,0,0,275.83333333333337,662
poleno-33,babd171c-3dd6-4d11-9a78-8f63cff25c73,2025Q2_Gamma,18.07.25 22:30:00 UTC,18.07.25 23:30:00 UTC,Yes,,0,0,1.25,3,0,0,0,0,4.166666666666667,10,0,0,0,0,0,0,0,0,0,0,0.8333333333333334,2,2.0833333333333335,5,0,0,0.4166666666666667,1,0,0,584.5833333333334,1403
poleno-33,babd171c-3dd6-4d11-9a78-8f63cff25c73,2025Q2_Gamma,18.07.25 23:30:00 UTC,19.07.25 00:30:00 UTC,Yes,,0.4166666666666667,1,0.8333333333333334,2,0,0,0,0,7.083333333333334,17,0,0,0,0,0,0,0,0,0.4166666666666667,1,1.25,3,4.583333333333334,11,0.8333333333333334,2,0.8333333333333334,2,0,0,1248.3333333333335,2996
poleno-33,babd171c-3dd6-4d11-9a78-8f63cff25c73,2025Q2_Gamma,19.07.25 00:30:00 UTC,19.07.25 01:30:00 UTC,Yes,,0,0,0.8333333333333334,2,0,0,0,0,5,12,0.4166666666666667,1,0,0,0,0,0,0,0.4166666666666667,1,0.8333333333333334,2,2.5,6,0.4166666666666667,1,1.25,3,0,0,1110,2664
poleno-33,babd171c-3dd6-4d11-9a78-8f63cff25c73,2025Q2_Gamma,19.07.25 01:30:00 UTC,19.07.25 02:30:00 UTC,Yes,,0,0,2.0833333333333335,5,0,0,0,0,2.916666666666667,7,0,0,0.4166666666666667,1,0,0,0,0,0.4166666666666667,1,0,0,1.25,3,1.25,3,1.6666666666666667,4,0,0,1120.4166666666667,2689
poleno-33,babd171c-3dd6-4d11-9a78-8f63cff25c73,2025Q2_Gamma,19.07.25 02:30:00 UTC,19.07.25 03:30:00 UTC,Yes,,0,0,1.6666666666666667,4,0,0,0,0,3.75,9,0,0,0,0,0,0,0,0,0.4166666666666667,1,0.4166666666666667,1,2.5,6,0.4166666666666667,1,1.6666666666666667,4,0,0,1202.9166666666667,2887
poleno-33,babd171c-3dd6-4d11-9a78-8f63cff25c73,2025Q2_Gamma,19.07.25 03:30:00 UTC,19.07.25 04:30:00 UTC,Yes,,0,0,2.5,6,0,0,0.4166666666666667,1,3.75,9,0,0,0,0,0.8333333333333334,2,0,0,1.25,3,0.8333333333333334,2,2.0833333333333335,5,0,0,0.4166666666666667,1,0,0,1524.5833333333335,3659
poleno-33,babd171c-3dd6-4d11-9a78-8f63cff25c73,2025Q2_Gamma,19.07.25 04:30:00 UTC,19.07.25 05:30:00 UTC,Yes,,0,0,3.3333333333333335,8,0.4166666666666667,1,0,0,3.75,9,0,0,0,0,0,0,0,0,0,0,0.8333333333333334,2,3.3333333333333335,8,0.8333333333333334,2,2.5,6,0,0,2356.666666666667,5656
poleno-33,babd171c-3dd6-4d11-9a78-8f63cff25c73,2025Q2_Gamma,19.07.25 05:30:00 UTC,19.07.25 06:30:00 UTC,Yes,,0,0,2.916666666666667,7,0,0,0,0,4.583333333333334,11,0,0,0,0,0,0,0,0,1.25,3,1.6666666666666667,4,2.5,6,0.4166666666666667,1,2.0833333333333335,5,0,0,2320.8333333333335,5570
poleno-33,babd171c-3dd6-4d11-9a78-8f63cff25c73,2025Q2_Gamma,19.07.25 06:30:00 UTC,19.07.25 07:30:00 UTC,Yes,,0,0,1.25,3,0,0,0,0,0.8333333333333334,2,0,0,0,0,0,0,0,0,0.4166666666666667,1,1.25,3,3.3333333333333335,8,0.8333333333333334,2,1.25,3,0.4166666666666667,1,2336.666666666667,5608
poleno-33,babd171c-3dd6-4d11-9a78-8f63cff25c73,2025Q2_Gamma,19.07.25 07:30:00 UTC,19.07.25 08:30:00 UTC,Yes,,0,0,0.8333333333333334,2,0,0,0,0,2.916666666666667,7,0,0,0,0,0,0,0,0,0,0,1.6666666666666667,4,2.0833333333333335,5,0.8333333333333334,2,0.8333333333333334,2,0,0,2771.666666666667,6652
poleno-33,babd171c-3dd6-4d11-9a78-8f63cff25c73,2025Q2_Gamma,19.07.25 08:30:00 UTC,19.07.25 09:30:00 UTC,Yes,,0,0,2.5,6,0,0,0,0,6.25,15,0,0,0,0,0.4166666666666667,1,0,0,2.0833333333333335,5,2.0833333333333335,5,2.0833333333333335,5,0.8333333333333334,2,0.4166666666666667,1,0,0,3180.416666666667,7633
poleno-33,babd171c-3dd6-4d11-9a78-8f63cff25c73,2025Q2_Gamma,19.07.25 09:30:00 UTC,19.07.25 10:30:00 UTC,Yes,,0.4166666666666667,1,2.0833333333333335,5,0,0,0.4166666666666667,1,4.583333333333334,11,0,0,0,0,0,0,0.4166666666666667,1,2.5,6,1.25,3,2.916666666666667,7,0.8333333333333334,2,3.3333333333333335,8,0,0,3081.666666666667,7396
poleno-33,babd171c-3dd6-4d11-9a78-8f63cff25c73,2025Q2_Gamma,19.07.25 10:30:00 UTC,19.07.25 11:30:00 UTC,Yes,,0,0,1.6666666666666667,4,0,0,0.8333333333333334,2,4.583333333333334,11,0,0,0,0,0.4166666666666667,1,0,0,2.5,6,2.0833333333333335,5,4.583333333333334,11,20.416666666666668,49,0.4166666666666667,1,0,0,2762.5,6630
poleno-33,babd171c-3dd6-4d11-9a78-8f63cff25c73,2025Q2_Gamma,19.07.25 11:30:00 UTC,19.07.25 12:30:00 UTC,Yes,,0,0,0.4166666666666667,1,0,0,0,0,0,0,0,0,0,0,0,0,0,0,0.4166666666666667,1,0.52545,1.26108,0.4183,1.00392,70.25296250000001,168.60711,0.4166666666666667,1,0,0,9109.168004166666,21862.00321
poleno-33,babd171c-3dd6-4d11-9a78-8f63cff25c73,2025Q2_Gamma,19.07.25 12:30:00 UTC,19.07.25 13:30:00 UTC,Yes,,0,0,0,0,0,0,0,0,0,0,0,0,0,0,0,0,0,0,0,0,0,0,0,0,19.037191666666665,45.68926,0,0,0,0,7019.441583333334,16846.6598
poleno-33,babd171c-3dd6-4d11-9a78-8f63cff25c73,2025Q2_Gamma,19.07.25 13:30:00 UTC,19.07.25 14:30:00 UTC,Yes,,0,0,0,0,0,0,0,0,0,0,0,0,0,0,0,0,0,0,0,0,0,0,0,0,11.939275,28.65426,0,0,0,0,9977.7435625,23946.58455
poleno-33,babd171c-3dd6-4d11-9a78-8f63cff25c73,2025Q2_Gamma,19.07.25 14:30:00 UTC,19.07.25 15:30:00 UTC,Yes,,0,0,0.8333333333333334,2,0,0,0,0,1.25,3,0,0,0,0,0,0,0,0,0.4166666666666667,1,0.8333333333333334,2,0.4166666666666667,1,0,0,0.8333333333333334,2,0,0,296.25,711
poleno-33,babd171c-3dd6-4d11-9a78-8f63cff25c73,2025Q2_Gamma,19.07.25 15:30:00 UTC,19.07.25 16:30:00 UTC,Yes,,0,0,0.4166666666666667,1,0,0,0,0,11.25,27,0,0,0,0,0,0,0,0,1.25,3,2.0833333333333335,5,0.4166666666666667,1,0.4166666666666667,1,0.8333333333333334,2,0,0,808.3333333333334,1940
poleno-33,babd171c-3dd6-4d11-9a78-8f63cff25c73,2025Q2_Gamma,19.07.25 16:30:00 UTC,19.07.25 17:30:00 UTC,Yes,,0,0,2.0833333333333335,5,0,0,0,0,7.5,18,0,0,0,0,0,0,0.4166666666666667,1,0,0,2.916666666666667,7,3.3333333333333335,8,0.8333333333333334,2,2.916666666666667,7,0,0,1030.8333333333335,2474
poleno-33,babd171c-3dd6-4d11-9a78-8f63cff25c73,2025Q2_Gamma,19.07.25 17:30:00 UTC,19.07.25 18:30:00 UTC,Yes,,0,0,0.4166666666666667,1,0,0,0,0,2.0833333333333335,5,0,0,0,0,0,0,0.4166666666666667,1,0,0,1.25,3,1.25,3,5.833333333333334,14,0,0,0,0,656.25,1575
poleno-33,babd171c-3dd6-4d11-9a78-8f63cff25c73,2025Q2_Gamma,19.07.25 18:30:00 UTC,19.07.25 19:30:00 UTC,Yes,,0,0,0.4166666666666667,1,0,0,0,0,1.6666666666666667,4,0,0,0,0,0,0,0.8333333333333334,2,0.4166666666666667,1,0.4166666666666667,1,1.25,3,1.6666666666666667,4,0,0,0,0,439.58333333333337,1055
poleno-33,babd171c-3dd6-4d11-9a78-8f63cff25c73,2025Q2_Gamma,19.07.25 19:30:00 UTC,19.07.25 20:30:00 UTC,Yes,,0,0,2.5,6,0,0,0,0,2.0833333333333335,5,0,0,0,0,0,0,0,0,0.4166666666666667,1,0,0,0.4166666666666667,1,1.6666666666666667,4,0.8333333333333334,2,0,0,597.0833333333334,1433
poleno-33,babd171c-3dd6-4d11-9a78-8f63cff25c73,2025Q2_Gamma,19.07.25 20:30:00 UTC,19.07.25 21:30:00 UTC,Yes,,0,0,0.8333333333333334,2,0,0,0,0,3.3333333333333335,8,0,0,0,0,0,0,0.8333333333333334,2,0,0,1.6666666666666667,4,1.25,3,0.8333333333333334,2,2.916666666666667,7,0,0,980.8333333333334,2354
poleno-33,babd171c-3dd6-4d11-9a78-8f63cff25c73,2025Q2_Gamma,19.07.25 21:30:00 UTC,19.07.25 22:30:00 UTC,Yes,,0,0,3.3333333333333335,8,0,0,0,0,7.916666666666667,19,0,0,0,0,0,0,0,0,0.4166666666666667,1,1.6666666666666667,4,6.666666666666667,16,0.4166666666666667,1,2.5,6,0,0,1820,4368
poleno-33,babd171c-3dd6-4d11-9a78-8f63cff25c73,2025Q2_Gamma,19.07.25 22:30:00 UTC,19.07.25 23:30:00 UTC,Yes,,0,0,3.75,9,0,0,0,0,9.166666666666668,22,0,0,0,0,0,0,0,0,0.4166666666666667,1,0.4166666666666667,1,3.75,9,0,0,1.25,3,0,0,1562.0833333333335,3749
poleno-33,babd171c-3dd6-4d11-9a78-8f63cff25c73,2025Q2_Gamma,19.07.25 23:30:00 UTC,20.07.25 00:30:00 UTC,Yes,,0,0,2.5,6,0,0,0,0,4.166666666666667,10,0,0,0,0,0,0,0,0,0,0,0.8333333333333334,2,2.5,6,0.8333333333333334,2,2.5,6,0,0,936.25,2247
poleno-33,babd171c-3dd6-4d11-9a78-8f63cff25c73,2025Q2_Gamma,20.07.25 00:30:00 UTC,20.07.25 01:30:00 UTC,Yes,,0,0,2.916666666666667,7,0,0,0,0,6.666666666666667,16,0,0,0,0,0.4166666666666667,1,0,0,0.4166666666666667,1,2.5,6,3.3333333333333335,8,0.8333333333333334,2,1.25,3,0,0,1157.5,2778
poleno-33,babd171c-3dd6-4d11-9a78-8f63cff25c73,2025Q2_Gamma,20.07.25 01:30:00 UTC,20.07.25 02:30:00 UTC,Yes,,0,0,0,0,0,0,0,0,3.3333333333333335,8,0,0,0,0,0.4166666666666667,1,0,0,0,0,0,0,2.5,6,4.583333333333334,11,1.6666666666666667,4,0,0,1918.4848791666666,4604.36371
poleno-33,babd171c-3dd6-4d11-9a78-8f63cff25c73,2025Q2_Gamma,20.07.25 02:30:00 UTC,20.07.25 03:30:00 UTC,Yes,,0,0,0,0,0,0,0,0,0,0,0,0,0,0,0,0,0,0,0,0,0,0,0,0,160.01864166666667,384.04474,0,0,0,0,17738.745195833333,42572.98847
poleno-33,babd171c-3dd6-4d11-9a78-8f63cff25c73,2025Q2_Gamma,20.07.25 03:30:00 UTC,20.07.25 04:30:00 UTC,Yes,,0,0,0,0,0,0,0,0,0,0,0,0,0,0,0,0,0,0,0,0,0,0,0,0,278.40467083333334,668.17121,0,0,0,0,14765.063233333334,35436.15176
poleno-33,babd171c-3dd6-4d11-9a78-8f63cff25c73,2025Q2_Gamma,20.07.25 04:30:00 UTC,20.07.25 05:30:00 UTC,Yes,,0,0,0,0,0,0,0,0,0,0,0,0,0,0,0,0,0,0,0,0,0,0,0,0,124.30311250000001,298.32747,0,0,0,0,9915.114275,23796.27426
poleno-33,babd171c-3dd6-4d11-9a78-8f63cff25c73,2025Q2_Gamma,20.07.25 05:30:00 UTC,20.07.25 06:30:00 UTC,Yes,,0,0,0,0,0,0,0,0,0,0,0,0,0,0,0,0,0,0,0,0,0,0,0,0,163.02482916666668,391.25959,0,0,0,0,16580.512404166668,39793.22977
poleno-33,babd171c-3dd6-4d11-9a78-8f63cff25c73,2025Q2_Gamma,20.07.25 06:30:00 UTC,20.07.25 07:30:00 UTC,Yes,,0,0,0.8333333333333334,2,0,0,0,0,1.6666666666666667,4,0,0,0,0,0.4166666666666667,1,0,0,0,0,0.8824583333333332,2.1178999999999997,0.8333333333333334,2,81.93643333333333,196.64744,0,0,0,0,11833.065016666667,28399.35604
poleno-33,babd171c-3dd6-4d11-9a78-8f63cff25c73,2025Q2_Gamma,20.07.25 07:30:00 UTC,20.07.25 08:30:00 UTC,Yes,,0,0,0.8333333333333334,2,0,0,0,0,0.4166666666666667,1,0,0,0.4166666666666667,1,0,0,0,0,0,0,0,0,0.8333333333333334,2,32.03657916666667,76.88779,0,0,0,0,3440.3489666666665,8256.83752
poleno-33,babd171c-3dd6-4d11-9a78-8f63cff25c73,2025Q2_Gamma,20.07.25 08:30:00 UTC,20.07.25 09:30:00 UTC,Yes,,0,0,0.4166666666666667,1,0,0,0,0,0.8333333333333334,2,0,0,0,0,0,0,0,0,0.4166666666666667,1,2.0833333333333335,5,1.6666666666666667,4,28.349541666666667,68.0389,0.8333333333333334,2,0,0,4281.566654166667,10275.759970000001
poleno-33,babd171c-3dd6-4d11-9a78-8f63cff25c73,2025Q2_Gamma,20.07.25 09:30:00 UTC,20.07.25 10:30:00 UTC,Yes,,0,0,0,0,0,0,0,0,0.4166666666666667,1,0,0,0.8333333333333334,2,0,0,0,0,0.8333333333333334,2,1.6666666666666667,4,3.3333333333333335,8,115.53350416666667,277.28041,0,0,0,0,3843.0295583333336,9223.27094
poleno-33,babd171c-3dd6-4d11-9a78-8f63cff25c73,2025Q2_Gamma,20.07.25 10:30:00 UTC,20.07.25 11:30:00 UTC,Yes,,0,0,0,0,0,0,0,0,0.4166666666666667,1,0,0,0,0,0,0,0,0,0.4166666666666667,1,0.4166666666666667,1,0,0,97.91666666666667,235,0,0,0,0,1548.3333333333335,3716
poleno-33,babd171c-3dd6-4d11-9a78-8f63cff25c73,2025Q2_Gamma,20.07.25 11:30:00 UTC,20.07.25 12:30:00 UTC,Yes,,0,0,0.8333333333333334,2,0,0,0,0,0.8333333333333334,2,0,0,0,0,0,0,0,0,1.25,3,0,0,2.5,6,51.81404583333334,124.35371,0.4166666666666667,1,0,0,2556.3989291666667,6135.35743
poleno-33,babd171c-3dd6-4d11-9a78-8f63cff25c73,2025Q2_Gamma,20.07.25 12:30:00 UTC,20.07.25 13:30:00 UTC,Yes,,0,0,0.4166666666666667,1,0,0,0,0,1.25,3,0,0,0,0,0,0,0,0,1.6666666666666667,4,0,0,0.8333333333333334,2,23.829458333333335,57.1907,0.4166666666666667,1,0,0,1979.1167958333335,4749.8803100000005
poleno-33,babd171c-3dd6-4d11-9a78-8f63cff25c73,2025Q2_Gamma,20.07.25 13:30:00 UTC,20.07.25 14:30:00 UTC,Yes,,0,0,1.25,3,0,0,0,0,1.25,3,0,0,0,0,0,0,0,0,0.8333333333333334,2,0,0,0.4166666666666667,1,81.15857500000001,194.78058000000001,0,0,0,0,9854.444929166666,23650.66783
poleno-33,babd171c-3dd6-4d11-9a78-8f63cff25c73,2025Q2_Gamma,20.07.25 14:30:00 UTC,20.07.25 15:30:00 UTC,Yes,,0,0,0,0,0,0,0,0,0,0,0,0,0,0,0,0,0,0,0,0,0,0,0,0,94.91400833333334,227.79362,0,0,0,0,16837.394445833335,40409.74667
poleno-33,babd171c-3dd6-4d11-9a78-8f63cff25c73,2025Q2_Gamma,20.07.25 15:30:00 UTC,20.07.25 16:30:00 UTC,Yes,,0,0,0,0,0,0,0,0,0,0,0,0,0,0,0,0,0,0,0,0,0,0,0,0,200.24818333333334,480.59564,0,0,0,0,14030.132504166668,33672.31801
poleno-33,babd171c-3dd6-4d11-9a78-8f63cff25c73,2025Q2_Gamma,20.07.25 16:30:00 UTC,20.07.25 17:30:00 UTC,Yes,,0,0,0,0,0,0,0,0,0,0,0,0,0,0,0,0,0,0,0,0,0,0,0,0,0.8333333333333334,2,0,0,0,0,19.583333333333336,47
poleno-33,babd171c-3dd6-4d11-9a78-8f63cff25c73,2025Q2_Gamma,20.07.25 17:30:00 UTC,20.07.25 18:30:00 UTC,Yes,,0,0,0,0,0,0,0,0,0,0,0,0,0,0,0,0,0,0,0,0,0,0,0,0,0,0,0,0,0,0,0,0
poleno-33,babd171c-3dd6-4d11-9a78-8f63cff25c73,2025Q2_Gamma,20.07.25 18:30:00 UTC,20.07.25 19:30:00 UTC,Yes,,0,0,0,0,0,0,0,0,0,0,0,0,0,0,0,0,0,0,0,0,0,0,0,0,0,0,0,0,0,0,0,0
poleno-33,babd171c-3dd6-4d11-9a78-8f63cff25c73,2025Q2_Gamma,20.07.25 19:30:00 UTC,20.07.25 20:30:00 UTC,Yes,,0,0,0,0,0,0,0,0,0,0,0,0,0,0,0,0,0,0,0,0,0,0,0,0,0,0,0,0,0,0,0,0
poleno-33,babd171c-3dd6-4d11-9a78-8f63cff25c73,2025Q2_Gamma,20.07.25 20:30:00 UTC,20.07.25 21:30:00 UTC,Yes,,0,0,0,0,0,0,0,0,0,0,0,0,0,0,0,0,0,0,0,0,0,0,0,0,0,0,0,0,0,0,0,0
poleno-33,babd171c-3dd6-4d11-9a78-8f63cff25c73,2025Q2_Gamma,20.07.25 21:30:00 UTC,20.07.25 22:30:00 UTC,Yes,,0,0,0,0,0,0,0,0,0,0,0,0,0,0,0,0,0,0,0,0,0,0,0,0,0,0,0,0,0,0,0,0
poleno-33,babd171c-3dd6-4d11-9a78-8f63cff25c73,2025Q2_Gamma,20.07.25 22:30:00 UTC,20.07.25 23:30:00 UTC,Yes,,0,0,0,0,0,0,0,0,0,0,0,0,0,0,0,0,0,0,0,0,0,0,0,0,0,0,0,0,0,0,0,0
poleno-33,babd171c-3dd6-4d11-9a78-8f63cff25c73,2025Q2_Gamma,20.07.25 23:30:00 UTC,21.07.25 00:30:00 UTC,Yes,,0,0,0,0,0,0,0,0,0,0,0,0,0,0,0,0,0,0,0,0,0,0,0,0,0,0,0,0,0,0,0,0
poleno-33,babd171c-3dd6-4d11-9a78-8f63cff25c73,2025Q2_Gamma,21.07.25 00:30:00 UTC,21.07.25 01:30:00 UTC,Yes,,0,0,0,0,0,0,0,0,0,0,0,0,0,0,0,0,0,0,0,0,0,0,0,0,41.13122083333333,98.71493,0,0,0,0,435.20605416666666,1044.49453
poleno-33,babd171c-3dd6-4d11-9a78-8f63cff25c73,2025Q2_Gamma,21.07.25 01:30:00 UTC,21.07.25 02:30:00 UTC,Yes,,0,0,0,0,0,0,0,0,0,0,0,0,0,0,0.42496666666666666,1.01992,0,0,0,0,0,0,0,0,1347.7281541666669,3234.54757,0,0,0,0,7046.516816666667,16911.64036
poleno-33,babd171c-3dd6-4d11-9a78-8f63cff25c73,2025Q2_Gamma,21.07.25 02:30:00 UTC,21.07.25 03:30:00 UTC,Yes,,0,0,0,0,0,0,0,0,0,0,0,0,0,0,0,0,0,0,0,0,0,0,0,0,0,0,0,0,0,0,0,0
poleno-33,babd171c-3dd6-4d11-9a78-8f63cff25c73,2025Q2_Gamma,21.07.25 03:30:00 UTC,21.07.25 04:30:00 UTC,Yes,,0,0,0,0,0,0,0,0,0,0,0,0,0,0,0,0,0,0,0,0,0,0,0,0,0,0,0,0,0,0,0,0
poleno-33,babd171c-3dd6-4d11-9a78-8f63cff25c73,2025Q2_Gamma,21.07.25 04:30:00 UTC,21.07.25 05:30:00 UTC,Yes,,0,0,0,0,0,0,0,0,0,0,0,0,0,0,0,0,0,0,0,0,0,0,0,0,0,0,0,0,0,0,0,0
poleno-33,babd171c-3dd6-4d11-9a78-8f63cff25c73,2025Q2_Gamma,21.07.25 05:30:00 UTC,21.07.25 06:30:00 UTC,Yes,,0,0,0,0,0,0,0,0,0,0,0,0,0,0,0,0,0,0,0,0,0,0,0,0,0,0,0,0,0,0,0,0